t,centre_2d_x,centre_2d_y,bb_2d_br_x,bb_2d_br_y,bb_2d_tl_x,bb_2d_tl_y,centre_3d_x,centre_3d_y,centre_3d_z,bb_3d_brb_x,bb_3d_brb_y,bb_3d_brb_z,bb_3d_flt_x,bb_3d_flt_y,bb_3d_flt_z
44.779,192.146820068,167.242401123,213.0,235.0,164.0,118.0,330.738769531,-486.047851562,2933.94873047,550.859680176,-1195.26171875,2963.94873047,40.7326812744,20.3663425446,2903.94873047
44.81,190.786193848,166.900741577,213.0,235.0,162.0,118.0,316.307495117,-481.873657227,2929.94213867,550.11505127,-1193.64599609,2959.94213867,20.3383407593,20.3382415771,2899.94213867
44.842,188.976638794,165.748626709,213.0,235.0,160.0,118.0,296.178863525,-467.610351562,2914.81860352,547.304260254,-1187.54724121,2944.81860352,0.0,20.232175827,2884.81860352
44.873,184.014831543,166.297836304,213.0,235.0,158.0,116.0,241.947235107,-466.446289062,2873.07177734,539.545532227,-1170.7121582,2903.07177734,-19.9393920898,39.8788528442,2843.07177734
44.92,183.03616333,165.160171509,213.0,235.0,158.0,116.0,230.929016113,-452.713806152,2858.73364258,536.880737305,-1164.93005371,2888.73364258,-19.8388347626,39.6777381897,2828.73364258
44.935,181.837677002,164.454605103,209.0,235.0,156.0,116.0,217.64642334,-443.059143066,2842.17285156,493.515838623,-1158.25158691,2872.17285156,-39.4453735352,39.4454460144,2812.17285156
44.998,180.23046875,163.949493408,205.0,235.0,156.0,116.0,200.303131104,-435.14654541,2823.49609375,450.281707764,-1150.7199707,2853.49609375,-39.1834030151,39.1834716797,2793.49609375
45.06,175.271133423,164.315597534,201.0,235.0,152.0,116.0,148.953125,-432.25,2781.53125,404.223266602,-1133.796875,2811.53125,-77.1896438599,38.5948410034,2751.53125
45.092,174.32081604,159.345184326,199.0,235.0,152.0,116.0,137.859558105,-378.757141113,2745.20507812,379.537017822,-1119.14770508,2775.20507812,-76.1705703735,38.085308075,2715.20507812
45.123,172.536590576,160.961120605,199.0,235.0,150.0,114.0,120.171875,-392.640625,2733.5625,377.944793701,-1114.45263672,2763.5625,-94.8049316406,56.8829689026,2703.5625
45.154,171.490325928,159.531188965,197.0,235.0,148.0,114.0,109.491714478,-376.693908691,2717.40429688,356.466644287,-1107.93664551,2747.40429688,-113.085960388,56.5429954529,2687.40429688
45.186,170.60383606,160.13772583,197.0,235.0,146.0,114.0,100.857826233,-381.767822266,2712.38989258,355.816040039,-1105.91442871,2742.38989258,-131.687423706,56.4374961853,2682.38989258
45.217,169.135665894,161.935165405,195.0,235.0,144.0,114.0,86.4779281616,-396.957092285,2699.42138672,334.990997314,-1100.68469238,2729.42138672,-149.772369385,56.1646385193,2669.42138672
45.248,168.865875244,162.58442688,195.0,235.0,142.0,118.0,83.5579071045,-401.343963623,2687.64208984,333.545288086,-1095.93457031,2717.64208984,-167.750396729,18.6389122009,2657.64208984
45.295,168.181503296,163.138458252,193.0,235.0,142.0,118.0,76.5070343018,-403.397094727,2666.69702148,312.061706543,-1087.48803711,2696.69702148,-166.428344727,18.492017746,2636.69702148
45.326,167.4271698,163.989044189,193.0,235.0,140.0,118.0,69.1148681641,-409.348175049,2653.7121582,310.559112549,-1082.25170898,2683.7121582,-184.009689331,18.4009494781,2623.7121582
45.373,163.741485596,169.74559021,191.0,235.0,138.0,118.0,33.8301467896,-449.794952393,2578.49023438,283.560333252,-1051.91723633,2608.49023438,-196.607528687,17.8733940125,2548.49023438
45.404,163.108718872,170.577346802,191.0,235.0,138.0,120.0,27.9364433289,-454.512634277,2562.68603516,281.842285156,-1045.54382324,2592.68603516,-195.388275146,0.0,2532.68603516
45.436,162.145736694,170.683441162,191.0,235.0,136.0,120.0,19.1309490204,-451.88180542,2542.51928711,279.650024414,-1037.41125488,2572.51928711,-211.453598022,0.0,2512.51928711
45.467,161.286697388,171.004318237,189.0,235.0,136.0,118.0,11.3888912201,-451.45098877,2524.11547852,259.73651123,-1029.98962402,2554.11547852,-209.904724121,17.4920463562,2494.11547852
45.498,160.304153442,172.312927246,189.0,235.0,134.0,120.0,2.67086982727,-459.365356445,2504.11816406,257.702911377,-1021.92541504,2534.11816406,-225.573638916,0.0,2474.11816406
45.529,159.482131958,173.183197021,187.0,235.0,132.0,118.0,-4.50636482239,-462.792510986,2481.51757812,237.79057312,-1012.81134033,2511.51757812,-240.706359863,17.1932945251,2451.51757812
45.592,158.648651123,174.04447937,187.0,235.0,132.0,118.0,-11.6678676605,-466.63067627,2462.22363281,235.963821411,-1005.03076172,2492.22363281,-238.811950684,17.0579795837,2432.22363281
45.654,156.948257446,174.494720459,187.0,235.0,130.0,118.0,-25.8040866852,-460.782409668,2411.27612305,231.140090942,-984.485351562,2441.27612305,-250.510253906,16.7006664276,2381.27612305
45.717,155.463851929,176.124603271,189.0,235.0,126.0,118.0,-37.8678588867,-468.529876709,2380.6171875,245.143676758,-972.121582031,2410.6171875,-280.256225586,16.4856452942,2350.6171875
45.748,154.625335693,177.10874939,189.0,235.0,124.0,118.0,-44.5332374573,-473.190582275,2362.86547852,243.338439941,-964.96295166,2392.86547852,-294.500976562,16.3611469269,2332.86547852
45.779,154.449523926,177.357818604,189.0,235.0,124.0,120.0,-45.630607605,-471.54019165,2344.39941406,241.460571289,-957.516235352,2374.39941406,-292.169830322,0.0,2314.39941406
45.811,153.64112854,178.576217651,189.0,235.0,122.0,118.0,-51.9151763916,-478.228546143,2328.19702148,239.812896729,-950.982299805,2358.19702148,-306.242462158,16.1180057526,2298.19702148
45.857,153.302902222,179.398864746,189.0,235.0,120.0,120.0,-54.4126205444,-482.604309082,2316.96069336,238.670227051,-946.45098877,2346.96069336,-320.784362793,0.0,2286.96069336
45.904,151.624572754,177.75177002,187.0,235.0,114.0,122.0,-67.4523544312,-465.109802246,2296.6550293,220.287765503,-938.262451172,2326.6550293,-365.626617432,-15.8967914581,2266.6550293
45.936,151.342636108,176.162765503,185.0,235.0,114.0,122.0,-68.5160980225,-444.48348999,2256.90209961,200.485092163,-922.231384277,2286.90209961,-359.214202881,-15.6179914474,2226.90209961
45.967,150.686859131,172.83303833,183.0,235.0,114.0,122.0,-72.4933929443,-411.25177002,2219.76855469,181.451278687,-907.256713867,2249.76855469,-353.224334717,-15.3575630188,2189.76855469
45.998,149.046661377,173.485809326,179.0,235.0,114.0,120.0,-84.459777832,-412.422180176,2198.91748047,148.505325317,-898.848144531,2228.91748047,-349.860900879,0.0,2168.91748047
46.029,144.520675659,174.995834351,175.0,235.0,116.0,124.0,-117.043182373,-415.83782959,2156.25317383,114.996925354,-881.643066406,2186.25317383,-328.066650391,-29.8242168427,2126.25317383
46.076,143.469619751,174.352844238,173.0,235.0,114.0,124.0,-125.082519531,-411.278656006,2157.84082031,99.7363128662,-882.283325195,2187.84082031,-343.234954834,-29.8464870453,2127.84082031
46.107,142.630401611,173.790893555,173.0,235.0,114.0,126.0,-130.837677002,-405.183227539,2148.06933594,99.2908706665,-878.342834473,2178.06933594,-341.658752441,-44.5641365051,2118.06933594
46.139,140.559814453,174.885543823,171.0,235.0,114.0,126.0,-144.42779541,-407.763366699,2118.63330078,82.8799819946,-866.472229004,2148.63330078,-336.910522461,-43.9448013306,2088.63330078
46.186,140.245498657,175.083099365,171.0,235.0,114.0,126.0,-145.164916992,-404.775115967,2095.56445312,81.9901428223,-857.169372559,2125.56445312,-333.189361572,-43.4594345093,2065.56445312
46.217,140.808532715,173.790542603,171.0,235.0,114.0,126.0,-140.278656006,-393.178131104,2084.43798828,81.5609512329,-852.682434082,2114.43798828,-331.394592285,-43.2253341675,2054.43798828
46.248,140.369873047,173.284576416,167.0,235.0,114.0,126.0,-142.328643799,-386.340759277,2067.63793945,51.4900779724,-845.907470703,2097.63793945,-328.684631348,-42.8718605042,2037.63793945
46.279,139.500640869,172.836212158,165.0,235.0,114.0,126.0,-147.938339233,-381.304504395,2058.00219727,36.6096382141,-842.021728516,2088.00219727,-327.130310059,-42.669128418,2028.00219727
46.311,138.303375244,172.9347229,163.0,235.0,114.0,128.0,-156.180877686,-381.04486084,2052.7734375,21.9107208252,-839.913146973,2082.7734375,-326.286895752,-56.7455825806,2022.7734375
46.373,138.315551758,174.165222168,163.0,235.0,114.0,128.0,-152.50604248,-380.942199707,2005.59912109,21.4144477844,-820.889343262,2035.59912109,-318.677337646,-55.4221839905,1975.59912109
46.436,137.772384644,174.884613037,163.0,235.0,114.0,128.0,-155.403015137,-383.722442627,1993.7565918,21.2898654938,-816.113586426,2023.7565918,-316.767059326,-55.0899658203,1963.7565918
46.467,138.298446655,174.352294922,161.0,235.0,114.0,128.0,-151.474822998,-379.373840332,1990.46728516,7.08513259888,-814.78717041,2020.46728516,-316.236480713,-54.9976844788,1960.46728516
46.498,137.613616943,173.705718994,163.0,235.0,110.0,128.0,-155.44078064,-372.907836914,1980.09741211,21.1461715698,-810.605285645,2010.09741211,-341.917114258,-54.70677948,1950.09741211
46.529,136.537979126,175.624664307,163.0,235.0,114.0,128.0,-162.227783203,-384.615783691,1971.81103516,21.0590000153,-807.26373291,2001.81103516,-313.227081299,-54.474319458,1941.81103516
46.561,134.667190552,180.509078979,163.0,235.0,114.0,128.0,-174.325073242,-416.38684082,1962.37512207,20.959733963,-803.458557129,1992.37512207,-311.705047607,-54.2096099854,1932.37512207
46.592,134.605163574,179.045516968,165.0,235.0,114.0,128.0,-174.113189697,-404.830566406,1955.203125,34.8072280884,-800.56628418,1985.203125,-310.548156738,-54.0084114075,1925.203125
46.623,135.020248413,178.110626221,165.0,235.0,112.0,128.0,-171.28137207,-398.453430176,1955.36328125,34.8100357056,-800.630859375,1985.36328125,-324.077178955,-54.0129051208,1925.36328125
46.654,135.366714478,177.573974609,165.0,235.0,112.0,130.0,-168.783462524,-394.487854004,1953.94787598,34.7852210999,-800.060058594,1983.94787598,-323.838928223,-67.4664764404,1923.94787598
46.686,136.734954834,173.977020264,165.0,235.0,112.0,130.0,-162.210601807,-376.343292236,1988.29455566,35.3874320984,-813.910949707,2018.29455566,-329.620178223,-68.6708908081,1958.29455566
46.717,137.645233154,172.027740479,165.0,235.0,114.0,130.0,-155.793655396,-362.589050293,1987.39990234,35.3717460632,-813.550170898,2017.39990234,-315.741668701,-68.6395187378,1957.39990234
46.748,137.55355835,171.869827271,165.0,235.0,114.0,130.0,-155.855834961,-360.155670166,1980.07177734,35.2432594299,-810.594970703,2010.07177734,-314.559631348,-68.3825454712,1950.07177734
46.795,137.666931152,172.01499939,167.0,235.0,112.0,130.0,-154.679763794,-360.257873535,1975.10632324,49.2187309265,-808.592590332,2005.10632324,-327.40032959,-68.2084274292,1945.10632324
46.842,140.202560425,171.253067017,169.0,235.0,114.0,130.0,-133.520690918,-345.668121338,1923.29101562,61.6458396912,-787.69720459,1953.29101562,-305.400512695,-66.3914337158,1893.29101562
46.873,140.419494629,173.188491821,171.0,235.0,114.0,130.0,-130.498687744,-354.486572266,1900.58630371,74.4691772461,-778.541137695,1930.58630371,-301.738067627,-65.5952529907,1870.58630371
46.904,141.032745361,174.283660889,173.0,235.0,114.0,130.0,-125.675636292,-359.679504395,1889.52270508,87.5046005249,-774.079589844,1919.52270508,-299.953430176,-65.2072906494,1859.52270508
46.936,141.582046509,174.792526245,173.0,235.0,116.0,130.0,-121.790763855,-362.321655273,1885.72583008,87.3315048218,-772.548400879,1915.72583008,-286.32611084,-65.0741500854,1855.72583008
47.436,152.670547485,169.816375732,183.0,235.0,126.0,132.0,-45.96875,-312.4375,1788.53125,146.670562744,-733.353027344,1818.53125,-209.663803101,-73.9990081787,1758.53125
372.036,179.339111328,194.783508301,213.0,235.0,130.0,128.0,136.46875,-527.71875,2012.34375,379.576324463,-823.609191895,2042.34375,-208.542572021,-55.6113967896,1982.34375
372.068,179.96572876,193.358428955,213.0,235.0,128.0,128.0,144.70362854,-531.672729492,2066.80664062,389.698455811,-845.572265625,2096.80664062,-228.556854248,-57.1392593384,2036.80664062
372.099,178.020385742,192.810943604,211.0,235.0,126.0,128.0,132.248306274,-534.345825195,2092.81713867,379.64465332,-856.061401367,2122.81713867,-245.9427948,-57.8689460754,2062.81713867
372.13,176.851928711,192.696472168,211.0,235.0,126.0,128.0,124.652351379,-537.729980469,2109.38793945,382.608154297,-862.743835449,2139.38793945,-247.91847229,-58.3338127136,2079.38793945
372.177,174.758651733,192.616821289,209.0,235.0,128.0,128.0,110.566520691,-544.018920898,2136.39868164,372.245056152,-873.636352539,2166.39868164,-236.366012573,-59.0915527344,2106.39868164
372.208,167.611938477,194.958984375,207.0,235.0,128.0,126.0,57.8542480469,-569.722900391,2167.43212891,362.16619873,-886.151184082,2197.43212891,-239.848373413,-44.9715309143,2137.43212891
372.255,167.105667114,193.328155518,205.0,235.0,128.0,124.0,54.7874107361,-565.388000488,2198.77783203,351.701141357,-898.791809082,2228.77783203,-243.36579895,-30.4206943512,2168.77783203
372.286,166.61895752,192.381378174,205.0,235.0,124.0,122.0,51.5078582764,-563.262451172,2219.1640625,354.91809082,-907.012939453,2249.1640625,-276.360107422,-15.3533229828,2189.1640625
372.318,165.822738647,190.43977356,201.0,235.0,126.0,122.0,45.9309616089,-555.643371582,2249.48828125,327.729644775,-919.241699219,2279.48828125,-264.622161865,-15.56599617,2219.48828125
372.349,164.146194458,189.983276367,199.0,235.0,126.0,120.0,33.0690956116,-558.171264648,2274.46191406,315.158172607,-929.312744141,2304.46191406,-267.59967041,0.0,2244.46191406
372.411,162.805404663,187.03503418,195.0,235.0,124.0,120.0,23.028087616,-550.255432129,2340.8203125,290.97869873,-956.072814941,2370.8203125,-291.717987061,0.0,2310.8203125
372.443,161.448364258,184.572692871,195.0,235.0,124.0,120.0,12.0092468262,-535.412353516,2364.53076172,293.88873291,-965.634521484,2394.53076172,-294.711212158,0.0,2334.53076172
372.474,160.867172241,183.530151367,193.0,235.0,122.0,118.0,7.23189163208,-529.813720703,2378.20239258,278.677124023,-971.147827148,2408.20239258,-312.905822754,16.4687099457,2348.20239258
372.505,159.868087769,182.53855896,191.0,235.0,122.0,118.0,-1.11068153381,-526.554443359,2401.04833984,264.271209717,-980.360778809,2431.04833984,-315.950134277,16.6289367676,2371.04833984
372.536,160.030960083,180.471740723,189.0,235.0,122.0,118.0,0.263927459717,-515.497802734,2430.97119141,250.264343262,-992.427734375,2460.97119141,-319.937469482,16.8387947083,2400.97119141
372.568,159.42326355,180.040115356,189.0,235.0,122.0,118.0,-4.96001434326,-516.35144043,2452.50219727,252.453903198,-1001.1104126,2482.50219727,-322.806518555,16.9897994995,2422.50219727
372.63,158.113998413,178.815673828,187.0,235.0,122.0,118.0,-16.4120311737,-511.814666748,2481.56201172,237.794769287,-1012.82922363,2511.56201172,-326.678863525,17.193605423,2451.56201172
372.693,153.862182617,177.132141113,183.0,235.0,120.0,118.0,-56.21875,-523.296875,2612.0,213.086044312,-1065.43054199,2642.0,-362.168548584,18.1084079742,2582.0
372.755,150.98387146,177.145278931,179.0,235.0,118.0,120.0,-83.6875,-530.420898438,2646.95019531,178.356246948,-1079.52478027,2676.95019531,-385.424438477,0.0,2616.95019531
372.818,147.182174683,173.770797729,177.0,235.0,118.0,118.0,-123.494476318,-518.059753418,2747.50732422,165.576553345,-1120.07617188,2777.50732422,-400.234466553,19.0587654114,2717.50732422
372.849,146.795272827,172.606506348,175.0,235.0,118.0,118.0,-128.381134033,-511.459655762,2772.53759766,147.413497925,-1130.17004395,2802.53759766,-403.920928955,19.2343120575,2742.53759766
372.911,146.269271851,170.669006348,173.0,235.0,116.0,116.0,-136.705444336,-504.469177246,2839.21166992,130.797714233,-1157.05749512,2869.21166992,-433.442596436,39.4039077759,2809.21166992
372.943,145.692810059,170.197845459,173.0,235.0,116.0,114.0,-143.534576416,-503.601531982,2860.93212891,131.787887573,-1165.81665039,2890.93212891,-436.793945312,59.562828064,2830.93212891
373.208,142.602111816,162.193603516,169.0,235.0,116.0,112.0,-187.515625,-454.765625,3073.59375,97.9493789673,-1251.5760498,3103.59375,-469.606201172,85.3829421997,3043.59375
373.255,144.404174805,159.376373291,169.0,235.0,116.0,112.0,-172.971496582,-436.71875,3162.79956055,100.764709473,-1287.54968262,3192.79956055,-483.370056152,87.8854598999,3132.79956055
373.286,144.73878479,158.535842896,169.0,235.0,118.0,112.0,-170.102233887,-429.522521973,3178.53173828,101.261222839,-1293.8939209,3208.53173828,-463.715759277,88.3268051147,3148.53173828
373.318,144.528930664,157.000106812,169.0,235.0,118.0,112.0,-173.469085693,-414.862854004,3197.47460938,101.859054565,-1301.53295898,3227.47460938,-466.505645752,88.858215332,3167.47460938
373.38,145.977966309,156.259567261,169.0,235.0,120.0,110.0,-165.34375,-427.5625,3362.65625,107.072189331,-1368.14526367,3392.65625,-467.460601807,116.865112305,3332.65625
373.443,145.829071045,154.943069458,169.0,235.0,122.0,110.0,-167.916122437,-414.052276611,3379.08886719,107.590805054,-1374.77197266,3409.08886719,-446.277282715,117.441352844,3349.08886719
373.49,145.544250488,156.716552734,169.0,235.0,122.0,110.0,-173.098312378,-439.657073975,3414.74023438,108.715957642,-1389.14892578,3444.74023438,-451.027954102,118.69152832,3384.74023438
373.521,146.331771851,155.580474854,169.0,235.0,122.0,108.0,-165.66519165,-431.251373291,3456.40258789,110.030822754,-1405.95007324,3486.40258789,-456.579589844,144.183059692,3426.40258789
373.568,146.917816162,154.335906982,169.0,235.0,122.0,108.0,-158.847305298,-416.915679932,3462.62280273,110.227127075,-1408.45837402,3492.62280273,-457.408477783,144.444793701,3432.62280273
373.599,146.995773315,152.936828613,169.0,233.0,122.0,106.0,-158.31010437,-400.964385986,3471.59790039,110.510383606,-1387.51989746,3501.59790039,-458.604431152,168.959518433,3441.59790039
373.661,147.301498413,149.750610352,169.0,231.0,124.0,106.0,-161.015625,-377.234375,3615.9375,115.065742493,-1419.14465332,3645.9375,-452.688812256,176.045639038,3585.9375
373.943,145.578155518,142.02835083,165.0,229.0,126.0,106.0,-193.287109375,-295.232421875,3821.97265625,67.5379257202,-1472.32666016,3851.97265625,-452.104248047,186.160598755,3791.97265625
373.99,147.002258301,145.585845947,163.0,227.0,126.0,106.0,-178.719665527,-351.806976318,3921.11938477,41.5656700134,-1482.51257324,3951.11938477,-463.925170898,191.028030396,3891.11938477
374.021,146.879089355,146.808334351,163.0,225.0,122.0,106.0,-181.734527588,-371.315734863,3949.83496094,41.8677597046,-1465.37512207,3979.83496094,-522.331115723,192.437774658,3919.83496094
374.052,145.461364746,143.968460083,163.0,221.0,126.0,106.0,-203.64855957,-335.735870361,3994.50585938,42.3376922607,-1425.37268066,4024.50585938,-472.67477417,194.630828857,3964.50585938
374.083,145.220855713,144.256851196,163.0,219.0,126.0,106.0,-208.281661987,-341.850585938,4018.90185547,42.5943412781,-1405.61682129,4048.90185547,-475.583435059,195.82850647,3988.90185547
374.115,145.150405884,144.547149658,163.0,215.0,126.0,106.0,-210.691436768,-348.283721924,4046.10913086,42.8805580139,-1357.88781738,4076.10913086,-478.827270508,197.164199829,4016.10913086
374.146,145.474838257,143.826324463,163.0,211.0,126.0,104.0,-207.713088989,-340.72177124,4078.00976562,43.2161521912,-1310.89331055,4108.00976562,-482.63067627,227.120330811,4048.00976562
374.193,145.162002563,142.824676514,161.0,209.0,126.0,104.0,-214.416778564,-329.828430176,4120.87158203,14.5557794571,-1295.45935059,4150.87158203,-487.740936279,229.525161743,4090.87158203
374.224,145.554122925,141.929077148,161.0,207.0,126.0,104.0,-210.024932861,-318.821075439,4146.02832031,14.6439962387,-1274.02270508,4176.02832031,-490.740325928,230.936630249,4116.02832031
374.255,145.71546936,140.739776611,161.0,207.0,126.0,104.0,-209.112915039,-303.611877441,4174.65283203,14.7443723679,-1282.75549316,4204.65283203,-494.153106689,232.542648315,4144.65283203
374.287,145.276809692,139.759094238,161.0,207.0,126.0,104.0,-217.599594116,-292.027069092,4214.65136719,14.8846349716,-1294.95825195,4244.65136719,-498.92199707,234.786834717,4184.65136719
374.318,144.900009155,138.949615479,161.0,207.0,128.0,104.0,-224.508865356,-281.745574951,4239.96435547,14.973400116,-1302.68078613,4269.96435547,-472.414123535,236.207061768,4209.96435547
374.349,144.942214966,137.862167358,161.0,205.0,128.0,104.0,-224.766799927,-266.627716064,4256.734375,15.0322065353,-1277.73266602,4286.734375,-474.295928955,237.147979736,4226.734375
374.38,145.151641846,136.816818237,161.0,205.0,128.0,104.0,-222.7759552,-252.309631348,4278.5390625,15.108669281,-1284.23193359,4308.5390625,-476.742706299,238.371353149,4248.5390625
374.412,145.217788696,136.426849365,161.0,205.0,128.0,104.0,-223.350372314,-248.199935913,4308.76464844,15.2146596909,-1293.24121094,4338.76464844,-480.134429932,240.067199707,4278.76464844
374.458,145.293838501,136.767623901,161.0,205.0,128.0,104.0,-224.113189697,-255.528610229,4345.83886719,15.344666481,-1304.29174805,4375.83886719,-484.294647217,242.14730835,4315.83886719
374.474,145.260116577,135.625610352,161.0,205.0,128.0,102.0,-227.66394043,-241.344329834,4404.58984375,15.5506877899,-1321.8034668,4434.58984375,-490.887298584,276.124053955,4374.58984375
374.505,145.544128418,135.238815308,161.0,205.0,128.0,104.0,-224.816696167,-236.992950439,4434.95898438,15.6571826935,-1330.85546875,4464.95898438,-494.295135498,247.14755249,4404.95898438
374.552,145.676071167,135.741546631,161.0,205.0,128.0,102.0,-224.511871338,-246.731506348,4469.74267578,15.7791585922,-1341.22338867,4499.74267578,-498.198303223,280.23651123,4439.74267578
374.583,145.884963989,136.125793457,161.0,205.0,128.0,104.0,-222.849975586,-254.595993042,4502.31640625,15.8933839798,-1350.93249512,4532.31640625,-501.853546143,250.926757812,4472.31640625
374.63,145.927719116,136.198822021,161.0,205.0,128.0,102.0,-223.363098145,-257.116668701,4526.39257812,15.9778118134,-1358.10876465,4556.39257812,-504.555175781,283.812255859,4496.39257812
374.662,146.324356079,135.44241333,161.0,203.0,128.0,102.0,-218.921569824,-247.204284668,4565.05859375,16.1133995056,-1337.40722656,4595.05859375,-508.894012451,286.252838135,4535.05859375
374.693,145.861206055,134.897644043,161.0,201.0,128.0,102.0,-230.135055542,-242.486480713,4641.68505859,16.3821048737,-1326.9453125,4671.68505859,-517.492553711,291.089508057,4611.68505859
374.724,146.270797729,134.53994751,161.0,199.0,130.0,102.0,-224.239028931,-237.480865479,4657.69824219,16.4382591248,-1298.61730957,4687.69824219,-486.833862305,292.100250244,4627.69824219
374.755,146.488449097,134.199188232,161.0,195.0,130.0,102.0,-221.800064087,-233.08795166,4681.24902344,16.5208435059,-1239.05859375,4711.24902344,-489.311401367,293.586791992,4651.24902344
374.787,146.239624023,134.115646362,161.0,195.0,130.0,100.0,-226.512084961,-232.360290527,4694.25292969,16.566444397,-1242.47851562,4724.25292969,-490.679412842,327.119659424,4664.25292969
374.818,146.489212036,133.555618286,161.0,191.0,130.0,100.0,-223.636688232,-224.378723145,4720.27880859,16.6577091217,-1182.69287109,4750.27880859,-493.417327881,328.944946289,4690.27880859
374.849,146.563446045,132.849197388,161.0,191.0,130.0,100.0,-223.151977539,-213.397293091,4736.07226562,16.7130908966,-1186.625,4766.07226562,-495.078826904,330.052581787,4706.07226562
374.88,146.746337891,132.470443726,161.0,191.0,130.0,100.0,-220.619171143,-207.58190918,4746.93164062,16.7511711121,-1189.32861328,4776.93164062,-496.221221924,330.814178467,4716.93164062
374.912,146.923049927,132.301422119,159.0,191.0,130.0,100.0,-218.712554932,-205.741775513,4769.5,-16.8303127289,-1194.94763184,4799.5,-498.595428467,332.396972656,4739.5
374.958,146.745697021,131.729202271,159.0,191.0,130.0,100.0,-222.698471069,-197.073608398,4791.43505859,-16.9072303772,-1200.40881348,4821.43505859,-500.902954102,333.93536377,4761.43505859
374.99,147.024780273,131.13659668,159.0,191.0,130.0,100.0,-218.84854126,-187.837112427,4809.87939453,-16.9719085693,-1205.00097656,4839.87939453,-502.843353271,335.228912354,4779.87939453
375.021,147.208023071,131.324157715,159.0,191.0,130.0,100.0,-217.919799805,-192.914459229,4858.07714844,-17.1409225464,-1217.00097656,4888.07714844,-507.913726807,338.609191895,4828.07714844
375.052,146.82434082,132.873153687,159.0,189.0,130.0,100.0,-226.772506714,-221.565795898,4908.21289062,-17.316734314,-1194.85009766,4938.21289062,-513.187988281,342.125366211,4878.21289062
375.083,146.684265137,135.522232056,159.0,189.0,130.0,100.0,-231.374023438,-269.714324951,4955.13134766,-17.481262207,-1206.20239258,4985.13134766,-518.123840332,345.415924072,4925.13134766
375.13,145.408599854,136.080871582,159.0,189.0,130.0,100.0,-256.188903809,-282.340393066,5006.90087891,-17.6627998352,-1218.7286377,5036.90087891,-523.570007324,349.046691895,4976.90087891
375.162,145.090164185,135.941986084,159.0,189.0,130.0,102.0,-263.113769531,-281.328063965,5032.4140625,-17.7522678375,-1224.90185547,5062.4140625,-526.253967285,315.752319336,5002.4140625
375.193,144.871917725,134.122543335,159.0,189.0,130.0,102.0,-266.9453125,-249.201766968,5032.03808594,-17.7509498596,-1224.81079102,5062.03808594,-526.214416504,315.728607178,5002.03808594
375.224,144.825958252,134.688613892,159.0,189.0,130.0,102.0,-268.965332031,-260.360778809,5054.75878906,-17.8306217194,-1230.30834961,5084.75878906,-528.604614258,317.162719727,5024.75878906
375.255,144.216644287,133.435241699,159.0,187.0,130.0,102.0,-282.231689453,-240.243637085,5099.31396484,-17.98686409,-1205.1151123,5129.31396484,-533.291809082,319.975036621,5069.31396484
375.287,144.305786133,132.875259399,159.0,187.0,130.0,100.0,-281.309173584,-230.781188965,5111.51904297,-18.0296630859,-1207.98266602,5141.51904297,-534.575805664,356.383911133,5081.51904297
375.318,143.243743896,130.838912964,159.0,185.0,126.0,100.0,-303.013977051,-196.006896973,5156.93066406,-18.1889076233,-1182.27429199,5186.93066406,-611.266784668,359.568786621,5126.93066406
375.349,142.871627808,131.082275391,159.0,185.0,128.0,100.0,-310.318084717,-200.779815674,5166.50048828,-18.2224655151,-1184.45568848,5196.50048828,-576.383850098,360.239929199,5136.50048828
375.38,142.720397949,131.477905273,159.0,183.0,128.0,100.0,-314.504089355,-208.907943726,5190.36621094,-18.3061561584,-1153.28320312,5220.36621094,-579.061828613,361.913726807,5160.36621094
375.427,143.437011719,132.742156982,159.0,181.0,128.0,100.0,-305.272521973,-234.850830078,5255.9921875,-18.5362854004,-1130.7088623,5285.9921875,-586.425964355,366.516296387,5225.9921875
375.474,143.415878296,132.459487915,159.0,179.0,128.0,100.0,-306.051727295,-229.933792114,5262.69238281,-18.5597782135,-1095.02282715,5292.69238281,-587.177856445,366.986206055,5232.69238281
375.505,143.184890747,130.927124023,159.0,179.0,128.0,106.0,-310.838989258,-201.995346069,5271.58496094,-18.5909633636,-1096.86254883,5301.58496094,-588.17565918,257.326904297,5241.58496094
375.537,142.812011719,130.726074219,159.0,179.0,128.0,102.0,-317.755615234,-198.293579102,5271.97753906,-18.592338562,-1096.94384766,5301.97753906,-588.219726562,330.873565674,5241.97753906
375.63,143.273178101,129.875259399,159.0,179.0,128.0,100.0,-314.689544678,-185.787796021,5365.05566406,-18.9187355042,-1116.2010498,5395.05566406,-598.664367676,374.165283203,5335.05566406
375.677,142.681686401,129.434448242,159.0,179.0,128.0,100.0,-326.76473999,-178.010818481,5380.65478516,-18.9734363556,-1119.42834473,5410.65478516,-600.414794922,375.259277344,5350.65478516
375.708,142.511062622,129.789306641,159.0,179.0,128.0,100.0,-330.067230225,-184.752593994,5382.00927734,-18.9781856537,-1119.70861816,5412.00927734,-600.566772461,375.354309082,5352.00927734
375.74,142.427780151,129.609161377,159.0,179.0,128.0,102.0,-331.902374268,-181.496841431,5386.28222656,-18.9931697845,-1120.59265137,5416.28222656,-601.046264648,338.088470459,5356.28222656
375.755,141.855117798,129.462524414,159.0,179.0,128.0,102.0,-342.910827637,-178.827484131,5389.30273438,-19.0037612915,-1121.21765137,5419.30273438,-601.385192871,338.27911377,5359.30273438
375.787,141.486541748,129.474533081,159.0,179.0,126.0,102.0,-350.103820801,-179.170776367,5392.8046875,-19.016040802,-1121.94213867,5422.8046875,-639.389282227,338.500183105,5362.8046875
375.818,140.683441162,129.242965698,159.0,179.0,128.0,104.0,-365.936584473,-175.100585938,5402.33496094,-19.0494613647,-1123.91381836,5432.33496094,-602.847595215,301.423797607,5372.33496094
375.88,140.417617798,129.054336548,159.0,179.0,128.0,104.0,-371.514251709,-171.777511597,5410.22558594,-19.0771312714,-1125.54638672,5440.22558594,-603.733032227,301.866485596,5380.22558594
375.912,140.505615234,128.910140991,159.0,179.0,128.0,104.0,-372.717651367,-170.355072021,5452.25097656,-19.2245006561,-1134.24121094,5482.25097656,-608.448791504,304.224395752,5422.25097656
375.974,141.695587158,132.431869507,159.0,179.0,128.0,106.0,-349.568054199,-237.41734314,5446.046875,-19.2027435303,-1132.95751953,5476.046875,-607.752685547,265.891815186,5416.046875
376.005,142.830032349,132.675827026,159.0,179.0,128.0,106.0,-328.437011719,-242.470565796,5454.91796875,-19.2338523865,-1134.79296875,5484.91796875,-608.74810791,266.327331543,5424.91796875
376.037,143.141448975,133.260971069,159.0,177.0,128.0,106.0,-322.935180664,-254.021347046,5462.61523438,-19.2608451843,-1097.86401367,5492.61523438,-609.611816406,266.705230713,5432.61523438
376.068,143.145629883,133.711746216,159.0,177.0,128.0,108.0,-323.703552246,-263.346405029,5476.96972656,-19.3111820221,-1100.7331543,5506.96972656,-611.22265625,229.208526611,5446.96972656
376.099,143.095855713,134.17036438,159.0,177.0,128.0,108.0,-325.105773926,-272.528686523,5484.49658203,-19.3375759125,-1102.2376709,5514.49658203,-612.067260742,229.525268555,5454.49658203
376.13,143.191925049,134.560272217,159.0,177.0,128.0,108.0,-323.892730713,-280.577148438,5495.26318359,-19.3753318787,-1104.38964844,5525.26318359,-613.275390625,229.978317261,5465.26318359
376.162,143.37171936,135.307571411,159.0,177.0,128.0,108.0,-321.157836914,-295.649780273,5507.78320312,-19.4192352295,-1106.89221191,5537.78320312,-614.680236816,230.505172729,5477.78320312
376.209,143.601913452,134.79069519,159.0,175.0,128.0,108.0,-317.423797607,-286.309020996,5520.16308594,-19.4626464844,-1070.44152832,5550.16308594,-616.069519043,231.026107788,5490.16308594
376.255,143.730545044,134.871582031,159.0,175.0,128.0,108.0,-314.998352051,-287.93371582,5521.29394531,-19.4666137695,-1070.65966797,5551.29394531,-616.196350098,231.073699951,5491.29394531
376.287,143.858215332,134.785873413,159.0,175.0,128.0,108.0,-313.438476562,-287.10949707,5537.40478516,-19.5231075287,-1073.7668457,5567.40478516,-618.004211426,231.751647949,5507.40478516
376.318,143.439849854,134.38168335,159.0,173.0,128.0,108.0,-322.528625488,-280.100341797,5554.04394531,-19.5814571381,-1037.81335449,5584.04394531,-619.871337891,232.451828003,5524.04394531
376.349,143.115097046,134.561645508,159.0,173.0,128.0,110.0,-329.708618164,-284.342590332,5568.48632812,-19.632101059,-1040.49743652,5598.48632812,-621.491943359,194.216201782,5538.48632812
376.38,142.843688965,134.648773193,159.0,173.0,126.0,108.0,-335.588684082,-286.539733887,5578.13574219,-19.6659393311,-1042.29089355,5608.13574219,-661.485717773,233.465606689,5548.13574219
376.412,143.084899902,134.605041504,159.0,173.0,128.0,108.0,-331.339202881,-286.088928223,5586.03759766,-19.6936473846,-1043.75952148,5616.03759766,-623.461425781,233.798110962,5556.03759766
376.443,143.49937439,134.320480347,159.0,173.0,128.0,108.0,-323.66217041,-280.89831543,5593.671875,-19.7204189301,-1045.17834473,5623.671875,-624.318115234,234.119369507,5563.671875
376.474,143.56451416,133.989959717,159.0,173.0,128.0,108.0,-323.63092041,-275.476135254,5615.29882812,-19.796257019,-1049.19775391,5645.29882812,-626.744995117,235.029434204,5585.29882812
376.537,143.572250366,134.536575317,159.0,173.0,128.0,110.0,-322.296936035,-285.193847656,5594.78857422,-19.7243347168,-1045.38586426,5624.78857422,-624.443481445,195.138534546,5564.78857422
376.568,143.68963623,134.434844971,159.0,173.0,128.0,112.0,-320.253601074,-283.428039551,5599.32910156,-19.7402572632,-1046.22973633,5629.32910156,-624.952941895,156.238235474,5569.32910156
376.63,142.858322144,135.393722534,159.0,173.0,126.0,112.0,-339.66986084,-305.033355713,5650.79101562,-19.9207191467,-1055.79406738,5680.79101562,-670.148132324,157.681915283,5620.79101562
376.677,141.588348389,138.901489258,159.0,171.0,128.0,118.0,-374.765289307,-384.735870361,5804.60009766,-20.4600753784,-1043.45983887,5834.60009766,-647.987121582,40.4991569519,5774.60009766
376.909,140.74319458,139.302642822,159.0,171.0,128.0,116.0,-393.927520752,-394.864990234,5833.61181641,-20.5618114471,-1048.64819336,5863.61181641,-651.242614746,81.4053955078,5803.61181641
376.972,140.398193359,138.560256958,151.0,171.0,128.0,116.0,-401.194885254,-379.87713623,5836.66601562,-185.151901245,-1049.19445801,5866.66601562,-651.585327148,81.4482345581,5806.66601562
377.034,139.801086426,136.95652771,151.0,171.0,128.0,116.0,-417.274291992,-350.292053223,5891.13525391,-186.870956421,-1058.93566895,5921.13525391,-657.697509766,82.2122573853,5861.13525391
377.097,139.055206299,136.431304932,151.0,171.0,128.0,116.0,-434.226867676,-340.653320312,5912.15820312,-187.534439087,-1062.69543457,5942.15820312,-660.056518555,82.5071411133,5882.15820312
377.128,139.398635864,137.390335083,153.0,171.0,128.0,114.0,-427.512939453,-360.878875732,5917.78125,-145.998168945,-1063.7010498,5947.78125,-660.6875,123.878944397,5887.78125
377.159,139.551086426,137.71887207,153.0,171.0,128.0,116.0,-425.209075928,-368.44152832,5929.77050781,-146.29246521,-1065.84521484,5959.77050781,-662.032897949,82.7541809082,5899.77050781
377.222,138.831039429,138.841217041,151.0,171.0,128.0,116.0,-439.92980957,-391.554931641,5926.37597656,-187.983154297,-1065.23815918,5956.37597656,-661.651977539,82.7065734863,5896.37597656
377.253,139.533874512,143.149475098,151.0,171.0,128.0,118.0,-426.09677124,-481.963134766,5937.15185547,-188.323242188,-1067.1652832,5967.15185547,-662.861206055,41.4287872314,5907.15185547
377.284,139.55406189,143.151626587,153.0,169.0,128.0,118.0,-426.598114014,-483.051391602,5950.00439453,-146.789138794,-1027.52416992,5980.00439453,-664.303466797,41.5189247131,5920.00439453
377.316,139.630264282,143.486984253,151.0,167.0,128.0,118.0,-426.277496338,-491.511932373,5967.77490234,-189.289703369,-988.513244629,5997.77490234,-666.297485352,41.6435546875,5937.77490234
377.347,139.670883179,143.664459229,151.0,167.0,128.0,120.0,-425.515136719,-495.328277588,5969.00488281,-189.328521729,-988.715942383,5999.00488281,-666.435546875,0.0,5939.00488281
377.378,140.06552124,143.55871582,151.0,167.0,128.0,120.0,-418.248718262,-494.289337158,5983.22314453,-189.777252197,-991.059326172,6013.22314453,-668.031005859,0.0,5953.22314453
377.409,140.176147461,144.136932373,151.0,167.0,128.0,122.0,-416.5027771,-507.121551514,5991.49755859,-190.038391113,-992.422973633,6021.49755859,-668.959472656,-41.809928894,5961.49755859
377.441,140.189025879,144.693618774,151.0,167.0,128.0,122.0,-418.475158691,-521.61328125,6023.78466797,-191.057373047,-997.744445801,6053.78466797,-672.582519531,-42.0363693237,5993.78466797
377.503,139.97795105,146.011398315,151.0,167.0,128.0,124.0,-426.274871826,-553.789489746,6071.36865234,-192.559127808,-1005.58685303,6101.36865234,-677.922119141,-84.7401885986,6041.36865234
377.534,140.681503296,146.16027832,153.0,167.0,128.0,124.0,-411.117645264,-556.717651367,6068.73535156,-149.703598022,-1005.15283203,6098.73535156,-677.626586914,-84.7032470703,6038.73535156
377.566,140.276519775,146.325881958,153.0,165.0,128.0,124.0,-423.952941895,-565.870605469,6129.70605469,-151.200210571,-972.001586914,6159.70605469,-684.468322754,-85.5584564209,6099.70605469
377.597,140.090362549,145.24887085,153.0,165.0,128.0,124.0,-430.062866211,-545.394287109,6159.90869141,-151.941589355,-976.76763916,6189.90869141,-687.85748291,-85.9821014404,6129.90869141
377.628,140.434524536,145.755432129,151.0,165.0,128.0,126.0,-422.557556152,-556.242431641,6158.86669922,-195.320556641,-976.603149414,6188.86669922,-687.740600586,-128.95123291,6128.86669922
377.691,140.143310547,145.666854858,153.0,165.0,128.0,126.0,-431.815490723,-558.166687012,6201.5,-152.962524414,-983.330688477,6231.5,-692.524597168,-129.848236084,6171.5
377.722,140.436706543,145.504089355,153.0,165.0,128.0,126.0,-427.084320068,-556.777099609,6225.54199219,-153.55267334,-987.124450684,6255.54199219,-695.222351074,-130.3540802,6195.54199219
377.753,139.72366333,146.725570679,151.0,165.0,128.0,128.0,-445.406890869,-587.075866699,6264.30322266,-198.648132324,-993.241088867,6294.30322266,-699.571960449,-174.8931427,6234.30322266
377.784,140.286437988,146.4322052,155.0,165.0,128.0,128.0,-433.927642822,-581.815795898,6277.07910156,-110.584121704,-995.257141113,6307.07910156,-701.005554199,-175.251541138,6247.07910156
377.831,139.844024658,146.543884277,153.0,163.0,128.0,128.0,-446.864868164,-588.48651123,6322.33789062,-155.92868042,-957.847839355,6352.33789062,-706.084228516,-176.521194458,6292.33789062
377.847,139.735916138,146.442123413,153.0,163.0,130.0,128.0,-450.356079102,-587.659118652,6337.74267578,-156.306808472,-960.170776367,6367.74267578,-663.574584961,-176.953353882,6307.74267578
377.878,140.330245972,145.423599243,155.0,163.0,130.0,128.0,-442.023834229,-571.325439453,6408.43701172,-112.887268066,-970.830505371,6438.43701172,-671.01159668,-178.936569214,6378.43701172
377.909,139.823730469,145.480072021,153.0,163.0,130.0,128.0,-453.328460693,-572.496337891,6407.3359375,-158.015090942,-970.664489746,6437.3359375,-670.895751953,-178.905685425,6377.3359375
377.941,139.988677979,146.47038269,155.0,163.0,130.0,136.0,-450.32434082,-595.675720215,6417.34228516,-113.043403625,-972.173339844,6447.34228516,-671.948425293,-358.372467041,6387.34228516
377.972,139.975860596,144.683197021,151.0,161.0,130.0,128.0,-450.279083252,-555.046508789,6412.58935547,-203.328048706,-926.272644043,6442.58935547,-671.448425293,-179.05305481,6382.58935547
378.003,139.911956787,144.591522217,151.0,161.0,130.0,126.0,-455.508483887,-557.62713623,6466.42382812,-205.027053833,-934.012573242,6496.42382812,-677.111816406,-135.422225952,6436.42382812
378.034,140.65184021,145.045150757,153.0,161.0,130.0,130.0,-441.19329834,-571.100891113,6502.71484375,-160.356323242,-939.23034668,6532.71484375,-680.929626465,-226.976654053,6472.71484375
378.066,140.101760864,144.795318604,151.0,161.0,130.0,130.0,-457.353973389,-569.911499023,6554.55761719,-207.808547974,-946.683898926,6584.55761719,-686.383422852,-228.794586182,6524.55761719
378.097,139.992645264,145.25189209,151.0,161.0,130.0,132.0,-459.907409668,-580.46295166,6555.20361328,-207.828948975,-946.776794434,6585.20361328,-686.451477051,-274.580627441,6525.20361328
764.156,232.421737671,190.5912323,285.0,235.0,180.0,132.0,505.671875,-492.890625,1991.15625,885.940185547,-815.065002441,2021.15625,137.542434692,-82.5254745483,1961.15625
764.187,229.921981812,179.424911499,283.0,235.0,178.0,130.0,486.704864502,-413.638000488,1984.98608398,869.103820801,-812.576782227,2014.98608398,123.398674011,-68.5548782349,1954.98608398
764.218,226.769836426,178.926834106,281.0,235.0,170.0,130.0,472.557342529,-417.049194336,2018.27197266,869.09552002,-825.999816895,2048.27197266,69.722076416,-69.7220993042,1988.27197266
764.25,223.847167969,179.233459473,281.0,235.0,168.0,130.0,455.909362793,-422.964599609,2036.30297852,876.74621582,-833.271179199,2066.30297852,56.2834358215,-70.3543930054,2006.30297852
764.281,220.988739014,180.046798706,271.0,235.0,164.0,130.0,438.131530762,-431.364807129,2048.61523438,809.08026123,-838.23626709,2078.61523438,28.3144168854,-70.7861404419,2018.61523438
764.328,223.009719849,181.585693359,263.0,235.0,160.0,130.0,432.522155762,-422.747039795,1957.52026367,717.865783691,-801.500732422,1987.52026367,0.0,-67.5917434692,1927.52026367
764.375,218.4037323,173.562042236,255.0,235.0,160.0,132.0,417.190887451,-382.605529785,2037.04052734,688.600097656,-833.568603516,2067.04052734,0.0,-84.4562835693,2007.04052734
764.406,213.299926758,183.659622192,247.0,235.0,158.0,132.0,363.671112061,-434.356414795,1945.75292969,602.762817383,-796.755310059,1975.75292969,-13.435801506,-80.6148986816,1915.75292969
764.437,205.305892944,187.175231934,241.0,235.0,156.0,132.0,306.922943115,-455.075744629,1931.87988281,557.252380371,-791.160827637,1961.87988281,-26.6770095825,-80.0311279297,1901.87988281
764.468,208.047119141,181.519775391,235.0,235.0,154.0,132.0,318.46496582,-407.764129639,1890.1652832,505.003479004,-774.338684082,1920.1652832,-39.1379013062,-78.2757720947,1860.1652832
764.531,202.10067749,187.176544189,227.0,235.0,154.0,132.0,282.408203125,-450.615234375,1912.90625,456.479431152,-783.509338379,1942.90625,-39.6163749695,-79.232711792,1882.90625
764.625,201.444610596,186.780303955,225.0,235.0,154.0,132.0,279.017822266,-449.585479736,1919.85913086,444.437896729,-786.313232422,1949.85913086,-39.7626647949,-79.5252914429,1889.85913086
764.656,199.163879395,185.373458862,221.0,235.0,152.0,132.0,265.202941895,-442.684265137,1931.07055664,419.486114502,-790.834411621,1961.07055664,-53.3313789368,-79.9970703125,1901.07055664
764.687,197.466796875,184.421188354,219.0,235.0,150.0,130.0,255.057525635,-438.551116943,1941.31945801,407.852844238,-794.967468262,1971.31945801,-67.0236053467,-67.0236358643,1911.31945801
764.718,192.040863037,184.81729126,219.0,235.0,150.0,130.0,223.12562561,-451.373535156,1985.86987305,417.070037842,-812.933166504,2015.86987305,-68.5858383179,-68.5858688354,1955.86987305
764.75,189.274200439,176.905303955,217.0,235.0,148.0,130.0,202.737716675,-394.096221924,1974.94494629,400.748443604,-808.52746582,2004.94494629,-81.8432769775,-68.2027740479,1944.94494629
764.797,188.387420654,176.154846191,215.0,235.0,144.0,130.0,197.747497559,-391.176116943,1986.50952148,388.917510986,-813.191101074,2016.50952148,-109.773262024,-68.6082992554,1956.50952148
764.828,187.456985474,175.286315918,215.0,235.0,140.0,130.0,193.679077148,-389.984680176,2011.57104492,393.75100708,-823.297546387,2041.57104492,-138.974182129,-69.487121582,1981.57104492
764.859,186.605529785,174.387634277,215.0,235.0,140.0,130.0,189.633483887,-387.653106689,2032.58483887,397.803894043,-831.771789551,2062.58496094,-140.447952271,-70.2240142822,2002.58483887
764.906,184.946685791,175.123413086,215.0,235.0,138.0,130.0,181.563766479,-401.192047119,2075.49560547,406.079925537,-849.07623291,2105.49560547,-157.803161621,-71.7287521362,2045.49560547
764.937,183.334289551,173.120651245,213.0,235.0,138.0,128.0,170.809051514,-388.84777832,2087.47753906,393.54019165,-853.90814209,2117.47753906,-158.727523804,-57.7191505432,2057.47753906
764.968,182.168121338,171.439071655,213.0,235.0,138.0,128.0,163.366973877,-379.078033447,2101.55615234,396.156768799,-859.585632324,2131.55615234,-159.813644409,-58.1141014099,2071.55615234
765.031,175.020736694,179.643051147,211.0,235.0,134.0,124.0,114.703125,-455.453125,2177.65625,394.81729126,-890.274230957,2207.65625,-195.809020996,-30.1244277954,2147.65625
765.078,174.393249512,181.163543701,211.0,235.0,136.0,124.0,113.000762939,-480.19229126,2238.86621094,405.764099121,-914.958190918,2268.86621094,-185.898147583,-30.983001709,2208.86621094
765.125,176.710525513,171.937683105,211.0,235.0,134.0,122.0,134.517364502,-418.090942383,2295.58666992,415.907989502,-937.831604004,2325.58666992,-206.561126709,-15.8892993927,2265.58666992
765.172,176.100708008,169.034240723,207.0,235.0,132.0,120.0,133.328125,-406.046875,2361.46875,394.146026611,-964.399658203,2391.46875,-228.919158936,0.0,2331.46875
765.218,179.257217407,167.242355347,205.0,235.0,132.0,120.0,162.789077759,-399.358795166,2410.66699219,385.137268066,-984.239685059,2440.66699219,-233.749786377,0.0,2380.66699219
765.25,178.549484253,167.654998779,203.0,235.0,132.0,120.0,157.48374939,-404.587371826,2421.08129883,369.590332031,-988.439453125,2451.08129883,-234.772338867,0.0,2391.08129883
765.281,174.2472229,169.509674072,203.0,235.0,130.0,120.0,121.028251648,-420.57800293,2422.49047852,369.80279541,-989.00769043,2452.49047852,-251.6900177,0.0,2392.49047852
765.312,173.359436035,169.989120483,201.0,235.0,130.0,120.0,114.365791321,-427.940490723,2441.25634766,355.300811768,-996.575317383,2471.25634766,-253.66418457,0.0,2411.25634766
765.344,172.430328369,169.736129761,199.0,235.0,128.0,120.0,106.897979736,-427.719146729,2452.40527344,339.493743896,-1001.07141113,2482.40527344,-271.826171875,0.0,2422.40527344
765.39,171.274139404,169.641418457,199.0,235.0,128.0,118.0,97.8143615723,-430.688568115,2474.14257812,342.466522217,-1009.83728027,2504.14257812,-274.265380859,17.1415710449,2444.14257812
765.406,166.359802246,179.113372803,197.0,235.0,126.0,120.0,57.0103721619,-529.903076172,2556.32568359,335.567230225,-1042.97900391,2586.32568359,-301.205383301,0.0,2526.32568359
765.469,163.006149292,178.51473999,193.0,235.0,126.0,120.0,27.3593254089,-532.548706055,2595.37207031,303.807983398,-1058.72509766,2625.37207031,-305.860717773,0.0,2565.37207031
765.5,162.173873901,178.067749023,191.0,235.0,126.0,120.0,19.9465656281,-532.803833008,2616.60351562,287.703491211,-1067.2869873,2646.60351562,-308.392089844,0.0,2586.60351562
765.531,159.433868408,175.664398193,189.0,235.0,124.0,118.0,-5.26721954346,-517.890869141,2653.17749023,272.861236572,-1082.03601074,2683.17749023,-331.149993896,18.3971996307,2623.17749023
766.719,146.000961304,145.376968384,167.0,229.0,126.0,108.0,-184.84375,-335.078125,3765.40625,93.164680481,-1450.70544434,3795.40625,-445.360015869,157.185928345,3735.40625
766.75,146.122802734,146.516540527,167.0,227.0,126.0,108.0,-183.983642578,-351.555938721,3780.79394531,93.542388916,-1429.8605957,3810.79394531,-447.194641113,157.833450317,3750.79394531
766.781,145.740829468,146.909500122,167.0,225.0,126.0,108.0,-190.63848877,-359.767486572,3812.60595703,94.3232727051,-1414.84753418,3842.60595703,-450.987457275,159.172088623,3782.60595703
766.969,145.054519653,143.297805786,165.0,215.0,126.0,106.0,-208.015625,-324.265625,3969.09375,70.1174468994,-1332.23132324,3999.09375,-469.644958496,193.383255005,3939.09375
767.0,145.065948486,143.089385986,165.0,215.0,126.0,104.0,-207.889831543,-321.416351318,3969.73217773,70.1286392212,-1332.4440918,3999.73217773,-469.721099854,221.045227051,3939.73217773
767.031,145.253753662,142.738510132,165.0,215.0,124.0,106.0,-205.611953735,-317.050872803,3976.23925781,70.242729187,-1334.61181641,4006.23925781,-498.173309326,193.734054565,3946.23925781
767.062,146.090499878,141.41583252,165.0,215.0,126.0,104.0,-196.33770752,-302.292205811,4025.29443359,71.1028289795,-1350.95361328,4055.29443359,-476.345611572,224.162628174,3995.29443359
767.094,146.449737549,141.915313721,165.0,215.0,126.0,104.0,-192.558349609,-311.431427002,4052.47387695,71.5793762207,-1360.00805664,4082.47387695,-479.586090088,225.687591553,4022.47387695
767.14,145.629364014,141.486801147,165.0,215.0,126.0,104.0,-207.590209961,-310.386352539,4119.42285156,72.7532196045,-1382.31091309,4149.42285156,-487.568206787,229.443878174,4089.42285156
767.203,145.821090698,141.714477539,165.0,215.0,128.0,104.0,-205.996398926,-315.475891113,4143.06933594,73.1678161621,-1390.18835449,4173.06933594,-461.541229248,230.770614624,4113.06933594
767.25,146.281997681,139.921783447,165.0,213.0,128.0,106.0,-202.41506958,-293.954406738,4207.82226562,74.3031539917,-1382.03857422,4237.82226562,-468.807342529,205.103240967,4177.82226562
767.281,146.892578125,139.391448975,165.0,211.0,128.0,106.0,-195.486526489,-289.207763672,4253.09472656,75.0969314575,-1366.76403809,4283.09472656,-473.887512207,207.325820923,4223.09472656
767.344,147.651016235,139.299728394,165.0,211.0,128.0,106.0,-185.161132812,-289.380615234,4275.86376953,75.4961471558,-1374.02978516,4305.86376953,-476.4425354,208.443618774,4245.86376953
767.375,145.51423645,136.675430298,165.0,209.0,128.0,104.0,-221.703018188,-255.215774536,4364.51367188,77.0504760742,-1371.49841309,4394.51367188,-486.390228271,243.195098877,4334.51367188
767.406,145.31338501,136.768859863,165.0,203.0,128.0,104.0,-232.330078125,-265.26953125,4511.171875,79.6218795776,-1321.72338867,4541.171875,-502.847229004,251.423614502,4481.171875
767.437,145.355484009,136.919158936,165.0,203.0,128.0,102.0,-232.151489258,-268.210327148,4520.66259766,79.7882843018,-1324.48571777,4550.66259766,-503.912200928,283.450592041,4490.66259766
767.469,145.21484375,136.320205688,165.0,199.0,128.0,104.0,-234.177383423,-258.490631104,4516.734375,79.7194137573,-1259.56652832,4546.734375,-503.471405029,251.735687256,4486.734375
767.5,143.008651733,136.480499268,165.0,197.0,128.0,102.0,-268.937561035,-260.851837158,4513.66210938,79.6655426025,-1226.84924316,4543.66210938,-503.126647949,283.00869751,4483.66210938
767.547,143.348815918,135.798919678,165.0,195.0,128.0,102.0,-264.279632568,-250.75289917,4526.10058594,79.8836364746,-1198.2545166,4556.10058594,-504.52243042,283.793823242,4496.10058594
767.578,143.682159424,133.61819458,163.0,195.0,128.0,102.0,-259.737213135,-216.765991211,4539.17675781,48.0676193237,-1201.69348145,4569.17675781,-505.989746094,284.61920166,4509.17675781
767.625,143.65802002,133.365219116,163.0,195.0,128.0,102.0,-260.752746582,-213.25567627,4550.19384766,48.1835212708,-1204.59094238,4580.19384766,-507.225982666,285.314605713,4520.19384766
767.656,143.620391846,132.851898193,163.0,195.0,128.0,102.0,-262.447631836,-205.923843384,4569.24853516,48.383972168,-1209.60229492,4599.24853516,-509.364196777,286.517303467,4539.24853516
767.687,143.638687134,132.307693481,163.0,195.0,128.0,102.0,-262.569366455,-197.516265869,4576.47900391,48.4600372314,-1211.50390625,4606.47900391,-510.175567627,286.973693848,4546.47900391
767.734,143.822341919,132.358291626,163.0,195.0,128.0,102.0,-264.103149414,-201.751235962,4655.46875,49.2910079956,-1232.27832031,4685.46875,-519.039245605,291.959533691,4625.46875
767.766,143.434783936,131.34664917,163.0,195.0,128.0,102.0,-272.749389648,-186.824630737,4695.39355469,49.7110176086,-1242.77856445,4725.39355469,-523.519348145,294.47958374,4665.39355469
767.797,143.286834717,131.00112915,163.0,195.0,128.0,102.0,-275.936828613,-181.6302948,4708.21533203,49.8458976746,-1246.15063477,4738.21533203,-524.958129883,295.288909912,4678.21533203
767.812,143.69442749,132.324432373,163.0,195.0,128.0,102.0,-272.674926758,-206.098999023,4768.86035156,50.4838829041,-1262.10021973,4798.86035156,-531.763305664,299.116821289,4738.86035156
767.844,145.35067749,129.399368286,163.0,195.0,130.0,102.0,-245.868209839,-157.755249023,4786.19580078,50.6662559509,-1266.65942383,4816.19580078,-500.351837158,300.211029053,4756.19580078
767.875,145.237045288,129.072814941,161.0,193.0,130.0,102.0,-247.816329956,-152.299514771,4786.98730469,16.8916339874,-1233.08459473,4816.98730469,-500.435089111,300.260986328,4756.98730469
767.906,144.903503418,128.963775635,161.0,193.0,130.0,102.0,-253.378051758,-150.446990967,4786.28173828,16.8891601562,-1232.90393066,4816.28173828,-500.360870361,300.216461182,4756.28173828
767.937,145.365890503,127.370429993,161.0,189.0,130.0,102.0,-248.685440063,-125.249771118,4846.06835938,17.0988121033,-1179.81359863,4876.06835938,-506.650421143,303.990203857,4816.06835938
767.984,145.169403076,126.258750916,161.0,189.0,130.0,102.0,-252.693664551,-106.640808105,4858.93603516,17.1439361572,-1182.92700195,4888.93603516,-508.004119873,304.802398682,4828.93603516
768.031,144.984848022,125.303184509,161.0,187.0,130.0,100.0,-256.149597168,-90.4692230225,4864.84960938,17.1646709442,-1150.02856445,4894.84960938,-508.626190186,339.08416748,4834.84960938
768.062,144.900192261,124.365318298,161.0,185.0,130.0,100.0,-258.015838623,-74.5917434692,4872.82177734,17.1926288605,-1117.51635742,4902.82177734,-509.46484375,339.643280029,4842.82177734
768.109,145.196380615,124.410003662,161.0,185.0,130.0,100.0,-253.626296997,-75.5553588867,4885.7578125,17.237991333,-1120.46496582,4915.7578125,-510.825744629,340.550537109,4855.7578125
768.141,146.837692261,124.106719971,161.0,185.0,130.0,100.0,-226.893753052,-70.7922973633,4915.82226562,17.343416214,-1127.31762695,4945.82226562,-513.988525391,342.659057617,4885.82226562
768.187,147.262893677,123.906402588,161.0,185.0,130.0,100.0,-221.532836914,-67.9428710938,4959.8984375,17.4979782104,-1137.36413574,4989.8984375,-518.625305176,345.750244141,4929.8984375
768.219,146.851119995,123.705711365,161.0,185.0,130.0,100.0,-230.514953613,-64.9654083252,4999.37792969,17.6364192963,-1146.36279297,5029.37792969,-522.778564453,348.519073486,4969.37792969
768.25,146.740219116,124.83480072,161.0,185.0,130.0,100.0,-234.047515869,-85.3387451172,5033.53808594,17.7562084198,-1154.14904785,5063.53808594,-526.372253418,350.914825439,5003.53808594
768.312,146.66317749,124.800758362,161.0,185.0,130.0,100.0,-236.039306641,-84.9652938843,5047.04589844,17.8035755157,-1157.22790527,5077.04589844,-527.793273926,351.862213135,5017.04589844
768.344,147.381362915,127.319915771,161.0,185.0,128.0,100.0,-224.656280518,-130.320388794,5077.05224609,17.9088001251,-1164.06738281,5107.05224609,-566.346557617,353.966644287,5047.05224609
768.375,147.396438599,129.099624634,161.0,185.0,130.0,100.0,-226.556671143,-163.571350098,5126.12402344,18.0808773041,-1175.25244141,5156.12402344,-536.112243652,357.408203125,5096.12402344
768.406,147.316421509,128.68371582,161.0,185.0,130.0,100.0,-228.563262939,-156.484298706,5138.90136719,18.1256828308,-1178.16479492,5168.90136719,-537.456420898,358.304321289,5108.90136719
768.437,147.185546875,128.561050415,161.0,185.0,130.0,100.0,-231.279190063,-154.512420654,5146.85351562,18.1535701752,-1179.97729492,5176.85351562,-538.293029785,358.862030029,5116.85351562
768.469,147.19619751,126.862480164,161.0,183.0,130.0,100.0,-230.820892334,-123.713424683,5140.92675781,18.1327877045,-1142.36108398,5170.92675781,-537.669494629,358.446380615,5110.92675781
768.5,146.151596069,128.272216797,161.0,183.0,130.0,100.0,-250.205612183,-149.457977295,5152.31835938,18.1727333069,-1144.87768555,5182.31835938,-538.867919922,359.245300293,5122.31835938
768.531,145.388580322,129.026428223,161.0,183.0,130.0,100.0,-264.099609375,-163.151580811,5154.43408203,18.1801509857,-1145.34521484,5184.43408203,-539.090515137,359.393676758,5124.43408203
768.594,145.340881348,129.161636353,161.0,183.0,130.0,100.0,-265.126281738,-165.698242188,5157.63476562,18.1913757324,-1146.05224609,5187.63476562,-539.427185059,359.618164062,5127.63476562
768.641,145.068847656,129.090942383,161.0,183.0,130.0,100.0,-272.068817139,-165.651153564,5196.25976562,18.3268222809,-1154.58520508,5226.25976562,-543.490539551,362.327056885,5166.25976562
768.687,144.073532104,125.889915466,161.0,183.0,128.0,100.0,-290.075622559,-107.275558472,5193.94189453,18.318693161,-1154.07312012,5223.94189453,-579.463134766,362.164520264,5163.94189453
768.719,145.587280273,127.755744934,161.0,183.0,130.0,100.0,-265.09564209,-142.652770996,5245.203125,18.4984512329,-1165.39782715,5275.203125,-548.639404297,365.759613037,5215.203125
768.75,145.729309082,127.027145386,161.0,183.0,130.0,100.0,-262.319885254,-129.17098999,5241.93701172,18.4869976044,-1164.67626953,5271.93701172,-548.295776367,365.530548096,5211.93701172
768.781,145.691085815,126.626182556,161.0,183.0,130.0,100.0,-261.966369629,-121.311477661,5220.88574219,18.4131774902,-1160.02563477,5250.88574219,-546.081176758,364.054168701,5190.88574219
768.812,145.501296997,126.727653503,161.0,181.0,130.0,98.0,-265.988555908,-123.423332214,5231.65820312,18.4509525299,-1125.50378418,5261.65820312,-547.214477539,401.290588379,5201.65820312
768.844,145.324005127,126.925537109,161.0,181.0,130.0,98.0,-269.397644043,-127.127655029,5234.70117188,18.4616222382,-1126.15466309,5264.70117188,-547.534606934,401.525360107,5204.70117188
768.906,145.015197754,126.695213318,161.0,179.0,130.0,100.0,-275.753753662,-123.206832886,5247.78613281,18.5075092316,-1091.93884277,5277.78613281,-548.911132812,365.940765381,5217.78613281
768.937,144.966918945,126.074607849,161.0,179.0,130.0,98.0,-278.367126465,-112.483375549,5280.50439453,18.6222419739,-1098.70800781,5310.50439453,-552.353088379,405.058898926,5250.50439453
768.969,144.758544922,126.578048706,161.0,179.0,130.0,98.0,-281.691772461,-121.575050354,5270.51416016,18.5872097015,-1096.64111328,5300.51416016,-551.302124023,404.288208008,5240.51416016
769.031,144.936416626,127.323120117,161.0,179.0,130.0,98.0,-278.969390869,-135.620117188,5281.21289062,18.6247234344,-1098.85461426,5311.21289062,-552.427612305,405.113586426,5251.21289062
769.062,144.428665161,128.365127563,161.0,179.0,132.0,98.0,-289.066955566,-155.290527344,5293.93017578,18.6693191528,-1101.48571777,5323.93017578,-516.847839355,406.094665527,5263.93017578
769.094,143.903686523,128.420700073,161.0,179.0,132.0,98.0,-298.911346436,-156.373931885,5295.67773438,18.6754493713,-1101.84729004,5325.67773438,-517.01940918,406.229492188,5265.67773438
769.125,143.834503174,128.612136841,161.0,179.0,132.0,100.0,-300.709716797,-160.202392578,5304.73681641,18.7072162628,-1103.72155762,5334.73681641,-517.908874512,369.934936523,5274.73681641
769.156,143.974853516,128.39642334,161.0,179.0,132.0,98.0,-298.162750244,-156.22315979,5305.87451172,18.7112045288,-1103.95690918,5335.87451172,-518.020568848,407.016143799,5275.87451172
769.187,144.01083374,128.279922485,161.0,179.0,128.0,100.0,-297.484802246,-154.051330566,5305.72119141,18.7106685638,-1103.9251709,5335.72119141,-592.006225586,370.003967285,5275.72119141
769.219,144.053695679,127.685768127,161.0,179.0,130.0,98.0,-297.158355713,-143.223800659,5314.14550781,18.7402076721,-1105.66809082,5344.14550781,-555.892150879,407.654205322,5284.14550781
769.25,144.290664673,127.651252747,161.0,179.0,130.0,98.0,-292.506958008,-142.4659729,5309.87109375,18.7252197266,-1104.78381348,5339.87109375,-555.442443848,407.324462891,5279.87109375
769.281,144.340744019,127.728767395,161.0,179.0,130.0,100.0,-291.608673096,-143.926055908,5310.49316406,18.727399826,-1104.91247559,5340.49316406,-555.507873535,370.338623047,5280.49316406
769.312,144.309906006,127.889427185,161.0,179.0,130.0,98.0,-292.276428223,-146.96496582,5312.19287109,18.7333621979,-1105.26403809,5342.19287109,-555.686706543,407.503570557,5282.19287109
769.375,144.302215576,127.848640442,161.0,179.0,126.0,98.0,-292.448242188,-146.219436646,5312.70996094,18.7351741791,-1105.37109375,5342.70996094,-629.83984375,407.543457031,5282.70996094
769.406,144.349731445,127.884628296,161.0,179.0,130.0,98.0,-291.726318359,-146.972122192,5315.68359375,18.7456016541,-1105.98632812,5345.68359375,-556.053955078,407.772857666,5285.68359375
769.437,144.582397461,127.796310425,161.0,179.0,130.0,98.0,-288.072540283,-145.671356201,5328.32324219,18.7899246216,-1108.60144043,5358.32324219,-557.383605957,408.74798584,5298.32324219
769.469,144.500457764,127.791229248,161.0,179.0,130.0,104.0,-289.429718018,-145.489028931,5325.12402344,18.7787075043,-1107.93945312,5355.12402344,-557.047058105,297.09173584,5295.12402344
769.5,144.466186523,127.79385376,161.0,179.0,130.0,100.0,-289.920837402,-145.463226318,5322.38964844,18.7691192627,-1107.3737793,5352.38964844,-556.759399414,371.172973633,5292.38964844
769.531,144.619674683,127.692672729,161.0,179.0,130.0,100.0,-286.421447754,-143.25743103,5310.625,18.7278633118,-1104.93969727,5340.625,-555.521789551,370.347869873,5280.625
769.562,144.623474121,127.567657471,161.0,179.0,128.0,100.0,-285.99822998,-140.755889893,5304.08691406,18.7049369812,-1103.58703613,5334.08691406,-591.822814941,369.889343262,5274.08691406
769.594,144.53805542,127.582794189,161.0,179.0,128.0,100.0,-287.558349609,-141.0234375,5303.55859375,18.7030849457,-1103.4777832,5333.55859375,-591.76361084,369.852264404,5273.55859375
769.625,144.515090942,127.67225647,161.0,179.0,130.0,100.0,-288.438049316,-142.911407471,5311.89208984,18.7323055267,-1105.2019043,5341.89208984,-555.655029297,370.436737061,5281.89208984
769.656,144.235214233,128.081359863,161.0,179.0,130.0,100.0,-294.903594971,-151.173828125,5334.54589844,18.8117485046,-1109.88879395,5364.54589844,-558.038269043,372.025512695,5304.54589844
769.687,144.375,128.135269165,161.0,177.0,130.0,98.0,-292.973846436,-152.539077759,5347.05322266,18.8556060791,-1074.76538086,5377.05322266,-559.354064941,410.192932129,5317.05322266
769.719,144.082199097,128.594314575,161.0,177.0,130.0,100.0,-298.883422852,-161.372573853,5354.56689453,18.8819541931,-1076.26733398,5384.56689453,-560.144470215,373.429656982,5324.56689453
769.75,143.985626221,128.524200439,161.0,177.0,130.0,98.0,-300.973449707,-160.203521729,5359.49121094,18.8992214203,-1077.25158691,5389.49121094,-560.662475586,411.152496338,5329.49121094
769.812,143.924102783,128.48210144,161.0,177.0,130.0,100.0,-302.515930176,-159.616027832,5366.34375,18.9232501984,-1078.62121582,5396.34375,-561.383361816,374.255615234,5336.34375
769.844,143.315368652,128.824890137,161.0,177.0,130.0,100.0,-314.803161621,-166.506713867,5380.56347656,18.973115921,-1081.46350098,5410.56347656,-562.879272461,375.25289917,5350.56347656
769.875,143.233322144,129.069473267,161.0,177.0,130.0,100.0,-316.617614746,-171.265594482,5385.09667969,18.9890117645,-1082.36962891,5415.09667969,-563.356201172,375.570831299,5355.09667969
769.906,143.248565674,128.876342773,161.0,177.0,130.0,100.0,-317.052337646,-168.001617432,5397.39941406,19.0321540833,-1084.82861328,5427.39941406,-564.65045166,376.433654785,5367.39941406
769.938,143.246353149,128.600524902,161.0,177.0,126.0,98.0,-317.349487305,-162.911987305,5401.74414062,19.0473899841,-1085.69702148,5431.74414062,-640.455078125,414.41217041,5371.74414062
770.0,143.988143921,133.638366699,161.0,177.0,130.0,100.0,-305.690612793,-260.37701416,5444.34863281,19.1967906952,-1094.21289062,5474.34863281,-569.589477539,379.726348877,5414.34863281
770.063,143.995697021,131.183700562,161.0,177.0,130.0,102.0,-306.001251221,-213.831695557,5452.45214844,19.2252063751,-1095.83251953,5482.45214844,-570.442016602,342.265106201,5422.45214844
770.125,144.111068726,127.925170898,161.0,177.0,130.0,104.0,-303.770996094,-151.516571045,5452.01464844,19.2236728668,-1095.74511719,5482.01464844,-570.395935059,304.211151123,5422.01464844
770.156,143.779022217,130.867080688,161.0,177.0,130.0,104.0,-310.661193848,-208.124450684,5461.54589844,19.2570953369,-1097.65026855,5491.54589844,-571.398620605,304.745910645,5431.54589844
770.188,143.610198975,131.96913147,161.0,177.0,128.0,104.0,-314.466308594,-229.648071289,5471.4921875,19.291973114,-1099.63830566,5501.4921875,-610.607971191,305.303955078,5441.4921875
770.219,143.553039551,131.689056396,161.0,177.0,128.0,106.0,-316.224304199,-224.744400024,5482.95996094,19.3321876526,-1101.93041992,5512.95996094,-611.894775391,267.70401001,5452.95996094
770.25,143.402786255,132.243362427,161.0,179.0,128.0,106.0,-320.767028809,-236.622116089,5511.37402344,19.4318275452,-1146.47338867,5541.37402344,-615.083251953,269.098937988,5481.37402344
770.281,142.756866455,132.516281128,161.0,177.0,128.0,108.0,-334.497314453,-242.801727295,5531.99707031,19.5041446686,-1111.73205566,5561.99707031,-617.397399902,231.524093628,5501.99707031
770.328,142.394775391,132.626235962,161.0,177.0,128.0,108.0,-342.293579102,-245.488449097,5544.50341797,19.5480003357,-1114.23181152,5574.50341797,-618.80078125,232.050369263,5514.50341797
770.375,141.844711304,132.907226562,161.0,177.0,128.0,108.0,-353.807922363,-251.534179688,5557.37597656,19.5931415558,-1116.8046875,5587.37597656,-620.245239258,232.592041016,5527.37597656
770.406,141.779968262,133.234436035,161.0,177.0,128.0,110.0,-355.586608887,-258.286651611,5565.47070312,19.6215267181,-1118.42272949,5595.47070312,-621.153625488,194.110458374,5535.47070312
770.438,142.174804688,133.39855957,161.0,177.0,128.0,108.0,-348.307861328,-261.81048584,5572.29980469,19.6454734802,-1119.78771973,5602.29980469,-621.91986084,233.220031738,5542.29980469
770.469,142.304321289,133.692382812,161.0,173.0,128.0,108.0,-346.664031982,-268.238220215,5586.59472656,19.695602417,-1043.86303711,5616.59472656,-623.523986816,233.821563721,5556.59472656
770.5,142.229263306,133.89225769,161.0,173.0,128.0,108.0,-349.161468506,-272.956665039,5603.07568359,19.7533931732,-1046.92602539,5633.07568359,-625.373413086,234.515075684,5573.07568359
770.531,142.621017456,133.782226562,161.0,173.0,128.0,108.0,-342.176940918,-271.360015869,5614.76904297,19.7943992615,-1049.09924316,5644.76904297,-626.685546875,235.007141113,5584.76904297
770.563,142.422409058,134.656967163,161.0,173.0,128.0,114.0,-347.532409668,-289.78793335,5638.21337891,19.8766117096,-1053.4564209,5668.21337891,-629.31628418,117.996841431,5608.21337891
770.594,142.061828613,136.02520752,161.0,173.0,128.0,114.0,-354.553283691,-316.743164062,5636.49316406,19.8705787659,-1053.13671875,5666.49316406,-629.123291016,117.960647583,5606.49316406
770.625,141.874206543,136.704544067,161.0,173.0,128.0,108.0,-358.546630859,-330.432800293,5640.97558594,19.886297226,-1053.96984863,5670.97558594,-629.626281738,236.109924316,5610.97558594
770.656,142.216186523,136.663497925,161.0,173.0,128.0,108.0,-352.742797852,-330.521240234,5656.38183594,19.940322876,-1056.83312988,5686.38183594,-631.355041504,236.75819397,5626.38183594
770.688,141.925949097,136.212921143,161.0,173.0,128.0,110.0,-359.350830078,-322.34765625,5669.81298828,19.9874210358,-1059.3293457,5699.81298828,-632.862182617,197.769393921,5639.81298828
770.719,141.94392395,136.292144775,161.0,173.0,128.0,110.0,-359.901672363,-324.742156982,5684.15429688,20.0377120972,-1061.99475098,5714.15429688,-634.471496582,198.272293091,5654.15429688
770.766,142.280883789,136.364364624,161.0,173.0,128.0,112.0,-354.377532959,-327.28302002,5703.34716797,20.105014801,-1065.56188965,5733.34716797,-636.62512207,159.156280518,5673.34716797
770.797,142.196182251,136.340026855,161.0,173.0,128.0,112.0,-357.223358154,-327.853271484,5721.79296875,20.1696987152,-1068.98999023,5751.79296875,-638.695068359,159.67376709,5691.79296875
770.828,141.872558594,137.174728394,161.0,171.0,128.0,114.0,-364.115722656,-344.979156494,5728.07128906,20.1917152405,-1029.77331543,5758.07128906,-639.399536133,119.887443542,5698.07128906
770.875,142.425598145,139.487930298,161.0,171.0,128.0,114.0,-355.208129883,-393.884002686,5763.78808594,20.3169631958,-1036.16088867,5793.78808594,-643.407470703,120.638931274,5733.78808594
770.906,142.076980591,139.971557617,161.0,171.0,128.0,118.0,-363.412902832,-404.949676514,5782.22119141,20.3816013336,-1039.45751953,5812.22119141,-645.475952148,40.3422050476,5752.22119141
770.938,141.711578369,140.27355957,161.0,169.0,128.0,118.0,-372.254272461,-412.661132812,5804.55761719,20.4599285126,-1002.5324707,5834.55761719,-647.98236084,40.4988594055,5774.55761719
770.969,141.614593506,141.09274292,161.0,169.0,128.0,116.0,-376.948425293,-432.456054688,5846.74755859,20.6078739166,-1009.78179932,5876.74755859,-652.71661377,81.5896530151,5816.74755859
771.0,141.333709717,141.204971313,161.0,169.0,128.0,116.0,-383.652404785,-435.830566406,5861.18457031,20.6585006714,-1012.26257324,5891.18457031,-654.336608887,81.7921524048,5831.18457031
771.031,141.594085693,141.120407104,161.0,171.0,128.0,118.0,-378.521453857,-434.345336914,5864.60009766,20.6704788208,-1054.19018555,5894.60009766,-654.719909668,40.9199562073,5834.60009766
771.094,141.848220825,140.90071106,161.0,169.0,128.0,118.0,-374.134521484,-430.793701172,5877.78857422,20.7167263031,-1015.11560059,5907.78857422,-656.199829102,41.0124511719,5847.78857422
1509.386,222.382034302,189.810577393,249.0,235.0,196.0,136.0,370.278839111,-414.372131348,1692.68005371,537.636962891,-694.699462891,1722.68005371,209.896759033,-93.2874298096,1662.68005371
1509.417,224.276138306,189.931045532,251.0,235.0,198.0,136.0,383.626617432,-417.377380371,1702.01904297,552.698852539,-698.465576172,1732.01904297,222.802062988,-93.8114089966,1672.01904297
1509.479,229.729675293,190.998397827,257.0,235.0,202.0,136.0,420.435119629,-428.084838867,1719.43908691,595.065917969,-705.490539551,1749.43908691,248.820648193,-94.7887878418,1689.43908691
1509.542,235.518890381,191.383148193,263.0,235.0,206.0,136.0,461.787414551,-436.498016357,1743.78149414,640.66619873,-715.307006836,1773.78149414,276.44442749,-96.1545562744,1713.78149414
1509.573,238.785888672,191.715377808,265.0,235.0,210.0,136.0,486.052612305,-442.432556152,1759.30163574,658.820922852,-721.565734863,1789.30163574,303.204223633,-97.0253448486,1729.30163574
1509.62,242.4190979,191.829391479,269.0,235.0,214.0,136.0,512.653869629,-446.785003662,1773.78894043,689.456237793,-727.407958984,1803.78894043,330.203887939,-97.838180542,1743.78894043
1509.636,245.938293457,191.148712158,273.0,235.0,216.0,136.0,539.066894531,-446.29598999,1788.79846191,720.704956055,-733.46081543,1818.79846191,345.381164551,-98.6803131104,1758.79846191
1509.667,249.074645996,190.370452881,275.0,235.0,220.0,134.0,563.772216797,-445.389465332,1804.90808105,739.957336426,-739.957275391,1834.90808105,373.440673828,-87.1361541748,1774.90808105
1509.714,252.344543457,189.851898193,279.0,235.0,224.0,132.0,588.465148926,-445.130889893,1817.25134277,770.845703125,-744.934936523,1847.25134277,401.106872559,-75.2075500488,1787.25134277
1509.729,255.29347229,189.812606812,281.0,235.0,228.0,132.0,611.15234375,-447.734069824,1828.90771484,788.746948242,-749.635498047,1858.90771484,428.955505371,-75.6980514526,1798.90771484
1509.761,257.531341553,188.95993042,283.0,235.0,230.0,130.0,630.923217773,-446.096893311,1844.75146484,808.617797852,-756.024780273,1874.75146484,445.460998535,-63.6373138428,1814.75146484
1509.792,259.312927246,188.456985474,283.0,235.0,232.0,130.0,647.150817871,-446.08480835,1858.2545166,814.441894531,-761.470092773,1888.2545166,461.597747803,-64.110824585,1828.2545166
1509.823,261.266113281,187.802154541,285.0,235.0,234.0,128.0,664.930053711,-445.200195312,1872.48083496,833.920776367,-767.207092285,1902.48083496,478.111480713,-51.6877746582,1842.48083496
1509.854,262.389038086,187.944763184,285.0,235.0,234.0,128.0,678.765563965,-450.424865723,1890.47900391,841.809997559,-774.465209961,1920.47900391,482.781890869,-52.1926803589,1860.47900391
1509.901,263.277099609,188.242919922,285.0,235.0,234.0,128.0,691.527099609,-456.943786621,1909.46057129,850.130249023,-782.119812012,1939.46057129,487.707489014,-52.7251777649,1879.46057129
1509.948,264.766967773,188.204071045,285.0,235.0,240.0,128.0,706.717895508,-460.078552246,1923.65490723,856.352050781,-787.843933105,1953.65490723,531.233337402,-53.1233787537,1893.65490723
1509.995,265.80847168,188.562393188,285.0,235.0,242.0,128.0,720.156616211,-466.651245117,1940.9395752,863.928527832,-794.81427002,1970.9395752,549.484375,-53.6082687378,1910.9395752
1510.042,268.299926758,190.095123291,285.0,235.0,246.0,128.0,750.881774902,-485.994293213,1977.19226074,879.819274902,-809.433776855,2007.19226074,587.221313477,-54.6252784729,1947.19226074
1510.073,269.593505859,190.8671875,285.0,235.0,250.0,128.0,766.898071289,-495.90447998,1995.53027344,887.85748291,-816.828918457,2025.53027344,620.321411133,-55.1397209167,1965.53027344
1510.104,270.948028564,192.376205444,285.0,235.0,252.0,126.0,783.152160645,-510.884063721,2012.94567871,895.491210938,-823.851928711,2042.94567871,639.72479248,-41.7211341858,1982.94567871
1510.136,272.16027832,193.832580566,285.0,235.0,254.0,130.0,800.211181641,-526.760803223,2034.5625,904.96661377,-832.569274902,2064.5625,660.757263184,-70.2933578491,2004.5625
1510.167,273.537597656,195.449768066,285.0,235.0,258.0,134.0,818.984375,-544.244140625,2057.03369141,914.816467285,-841.631164551,2087.03369141,696.596801758,-99.5138473511,2027.03369141
1510.198,274.995758057,197.242630005,285.0,235.0,262.0,148.0,840.138305664,-564.320739746,2083.40869141,926.377563477,-852.267333984,2113.40869141,734.463256836,-201.617370605,2053.40869141
1510.23,276.431671143,198.401809692,285.0,235.0,266.0,154.0,860.872375488,-579.687194824,2108.49780273,937.374938965,-862.384887695,2138.49780273,772.591552734,-247.812347412,2078.49780273
1510.261,278.000274658,198.19342041,285.0,235.0,270.0,156.0,885.725830078,-586.930114746,2140.53222656,951.416625977,-875.303344727,2170.53222656,814.102722168,-266.433532715,2110.53222656
1510.292,279.537261963,199.54800415,285.0,235.0,272.0,162.0,911.024780273,-606.256164551,2173.36352539,965.807739258,-888.543151855,2203.36352539,841.79901123,-315.674621582,2143.36352539
1510.323,281.317108154,197.866424561,285.0,213.0,278.0,178.0,938.133361816,-602.133361816,2205.20019531,979.762756348,-728.943481445,2235.20019531,900.068847656,-442.406738281,2175.20019531
1551.475,277.966430664,179.156509399,287.0,235.0,240.0,128.0,824.390625,-413.40625,1992.875,900.880737305,-815.758117676,2022.875,550.651916504,-55.0652351379,1962.875
1551.538,272.493164062,184.076477051,287.0,235.0,236.0,128.0,790.628662109,-450.344665527,2004.25,905.946533203,-820.345214844,2034.25,526.150817871,-55.3843383789,1974.25
1551.569,271.206420898,184.104187012,287.0,235.0,232.0,130.0,780.550537109,-449.943054199,2001.5970459,904.765014648,-819.275390625,2031.5970459,497.788879395,-69.1373672485,1971.5970459
1551.616,269.637054443,184.418212891,287.0,235.0,230.0,130.0,768.211914062,-451.369506836,1998.15478516,903.232055664,-817.887268066,2028.15478516,483.116424561,-69.0166549683,1968.15478516
1551.647,266.525390625,186.35925293,287.0,235.0,228.0,130.0,743.725463867,-463.298675537,1990.97167969,900.033081055,-814.990539551,2020.97167969,467.600189209,-68.7647705078,1960.97167969
1551.694,260.616027832,186.477035522,285.0,235.0,222.0,132.0,700.651611328,-462.920715332,1985.82275391,883.602355957,-812.914123535,2015.82275391,425.222015381,-82.3010406494,1955.82275391
1551.725,257.189025879,186.446502686,285.0,235.0,216.0,132.0,676.009521484,-462.176208496,1983.54003906,882.601745605,-811.993591309,2013.54003906,383.62322998,-82.2049865723,1953.54003906
1551.757,254.612121582,186.846374512,285.0,235.0,214.0,132.0,657.524047852,-464.560913086,1981.84814453,881.860107422,-811.311340332,2011.84814453,369.601959229,-82.1337890625,1951.84814453
1551.788,250.865203857,187.253692627,285.0,235.0,210.0,130.0,632.071105957,-467.826141357,1983.69042969,882.667663574,-812.054260254,2013.69042969,342.547058105,-68.5094451904,1953.69042969
1551.819,247.568374634,187.355957031,285.0,235.0,208.0,130.0,609.578063965,-468.876068115,1985.12341309,883.295776367,-812.632141113,2015.12341309,329.086334229,-68.5596923828,1955.12341309
1551.85,244.424133301,187.779205322,285.0,235.0,202.0,130.0,588.1171875,-472.164886475,1986.56481934,883.927612305,-813.213439941,2016.56481934,288.16293335,-68.6102371216,1956.56481934
1551.882,238.503311157,190.2290802,285.0,235.0,200.0,130.0,547.171875,-489.5,1987.65625,884.406005859,-813.653503418,2017.65625,274.593933105,-68.6485061646,1957.65625
1551.913,237.419006348,189.308456421,285.0,235.0,196.0,128.0,538.986328125,-482.521179199,1985.34350586,883.392211914,-812.72088623,2015.34350586,246.842590332,-54.8539466858,1955.34350586
1551.96,236.38885498,188.959320068,283.0,235.0,194.0,130.0,531.185913086,-479.523071289,1982.99682617,868.245788574,-811.774597168,2012.99682617,232.84928894,-68.4851226807,1952.99682617
1551.991,235.368225098,189.279006958,283.0,235.0,190.0,128.0,522.705078125,-480.474212646,1977.76147461,865.987670898,-809.663330078,2007.76147461,204.904510498,-54.6412467957,1947.76147461
1552.022,234.126068115,190.066757202,283.0,235.0,190.0,128.0,512.743896484,-484.664855957,1972.58203125,863.753662109,-807.574645996,2002.58203125,204.359634399,-54.4959449768,1942.58203125
1552.069,232.870132446,190.960830688,281.0,235.0,188.0,128.0,503.698425293,-490.500732422,1971.1809082,849.114440918,-807.00958252,2001.1809082,190.59803772,-54.4566421509,1941.1809082
1552.1,231.716262817,191.334213257,281.0,235.0,184.0,128.0,495.771179199,-493.1300354,1971.37426758,849.196472168,-807.087585449,2001.37426758,163.386032104,-54.4620666504,1941.37426758
1552.132,226.862609863,192.31036377,279.0,235.0,186.0,128.0,455.84375,-492.984375,1944.1875,823.815246582,-796.124084473,1974.1875,174.522888184,-53.6993865967,1914.1875
1552.194,224.732299805,192.622802734,275.0,235.0,184.0,128.0,439.424407959,-492.987731934,1935.8359375,792.756164551,-792.756103516,1965.8359375,160.395126343,-53.46509552,1905.8359375
1552.225,222.531433105,183.214797974,273.0,235.0,182.0,128.0,416.418579102,-420.969268799,1899.05322266,764.393798828,-777.922851562,1929.05322266,144.19128418,-52.433216095,1869.05322266
1552.257,224.27166748,182.176895142,273.0,235.0,180.0,128.0,426.988891602,-413.072265625,1894.53466797,762.603271484,-776.100708008,1924.53466797,130.766036987,-52.3064575195,1864.53466797
1552.304,223.26260376,181.21711731,271.0,235.0,180.0,128.0,420.167816162,-406.582366943,1894.00537109,748.899902344,-775.887268066,1924.00537109,130.728912354,-52.2916069031,1864.00537109
1552.319,216.253311157,187.190032959,269.0,235.0,178.0,128.0,381.188171387,-455.298339844,1932.39892578,750.081237793,-791.370056152,1962.39892578,120.079376221,-53.3686752319,1902.39892578
1552.35,215.658493042,187.187042236,265.0,235.0,178.0,128.0,376.562988281,-454.56048584,1929.35302734,721.433837891,-790.141784668,1959.35302734,119.887115479,-53.2832298279,1899.35302734
1552.397,212.024780273,188.053085327,263.0,235.0,176.0,128.0,354.190856934,-463.31338501,1941.47851562,712.071716309,-795.031616211,1971.47851562,107.24671936,-53.6233901978,1911.47851562
1552.413,221.483917236,186.815704346,261.0,235.0,176.0,128.0,391.25177002,-425.180480957,1814.68066406,653.336730957,-743.898254395,1844.68066406,100.132507324,-50.0662841797,1784.68066406
1552.46,215.435974121,182.395874023,253.0,235.0,174.0,128.0,361.486236572,-406.870300293,1859.54040527,616.216918945,-761.988647461,1889.54040527,89.8182220459,-51.3247489929,1829.54040527
1552.491,216.37979126,187.239074707,249.0,235.0,174.0,130.0,365.923583984,-436.403747559,1850.85473633,587.002197266,-758.486022949,1880.85473633,89.3918075562,-63.8513336182,1820.85473633
1552.538,216.57093811,185.023925781,245.0,235.0,174.0,132.0,368.437316895,-423.49029541,1857.27319336,562.53326416,-761.074401855,1887.27319336,89.7069168091,-76.8916702271,1827.27319336
1552.569,215.67149353,183.618377686,243.0,235.0,176.0,132.0,361.709320068,-413.34185791,1852.81616211,547.99987793,-759.277038574,1882.81616211,102.272171021,-76.7041244507,1822.81616211
1552.6,215.169998169,182.553970337,241.0,235.0,176.0,132.0,356.811584473,-404.567321777,1844.34204102,532.388122559,-755.859680176,1874.34204102,101.796714783,-76.3475341797,1814.34204102
1552.632,214.680389404,181.651123047,241.0,235.0,178.0,132.0,350.695983887,-395.403137207,1828.96179199,528.01953125,-749.657348633,1858.96179199,113.550422668,-75.7003326416,1798.96179199
1552.694,213.420898438,177.47467041,239.0,235.0,182.0,132.0,340.996765137,-366.872802734,1820.30627441,512.58416748,-746.166870117,1850.30627441,138.116210938,-75.3361053467,1790.30627441
1552.757,213.949493408,177.252044678,239.0,235.0,180.0,132.0,324.270507812,-344.120880127,1714.05834961,483.150665283,-703.320617676,1744.05834961,118.108627319,-70.8651885986,1684.05834961
1552.85,201.985610962,179.265106201,239.0,235.0,174.0,134.0,245.844665527,-347.023895264,1669.80517578,470.891357422,-685.47479248,1699.80517578,80.5034790039,-80.5035095215,1639.80517578
1552.913,205.281570435,184.898757935,241.0,235.0,168.0,134.0,266.699432373,-382.240783691,1679.60107422,485.595123291,-689.425170898,1709.60107422,46.276763916,-80.9844207764,1649.60107422
1552.96,205.806427002,184.70715332,243.0,235.0,164.0,134.0,268.643341064,-379.491271973,1672.45751953,495.50592041,-686.544372559,1702.45751953,23.0381832123,-80.6337203979,1642.45751953
1553.007,209.05708313,187.205413818,243.0,235.0,160.0,134.0,292.315155029,-400.45501709,1699.24145508,503.301483154,-697.345458984,1729.24145508,0.0,-81.9486312866,1669.24145508
1553.069,197.510009766,187.727813721,243.0,235.0,156.0,134.0,224.906219482,-406.089111328,1709.85717773,506.391204834,-701.626403809,1739.85717773,-23.5627765656,-82.4697952271,1679.85717773
1553.132,197.84161377,181.315002441,241.0,235.0,152.0,134.0,230.538757324,-373.543334961,1737.31958008,501.989501953,-712.70111084,1767.31958008,-47.8960189819,-83.8180160522,1707.31958008
1553.163,198.564819336,181.069869995,243.0,235.0,150.0,134.0,235.674743652,-373.20614624,1742.71862793,515.955627441,-714.878356934,1772.71862793,-60.0593338013,-84.0830688477,1712.71862793
1553.225,198.833526611,182.214935303,241.0,235.0,150.0,134.0,237.495407104,-380.489868164,1744.0300293,503.895507812,-715.407226562,1774.0300293,-60.1053199768,-84.1474533081,1714.0300293
1553.288,195.416030884,184.656387329,243.0,235.0,146.0,134.0,221.124771118,-403.690795898,1780.50402832,526.953186035,-730.115966797,1810.50402832,-85.9380645752,-85.938079834,1750.50402832
1553.335,202.832427979,182.556411743,243.0,235.0,146.0,134.0,267.458679199,-390.621154785,1780.69482422,527.008728027,-730.192871094,1810.69482422,-85.9474258423,-85.9474487305,1750.69482422
1553.366,202.003158569,186.794494629,243.0,235.0,144.0,136.0,259.106628418,-412.037902832,1759.14648438,520.736999512,-721.503173828,1789.14648438,-97.0166702271,-97.0166397095,1729.14648438
1553.444,197.857421875,182.99798584,245.0,235.0,142.0,136.0,237.200866699,-394.722442627,1786.77819824,541.520996094,-732.646118164,1816.77819824,-110.88785553,-98.5669631958,1756.77819824
1553.475,195.93951416,181.729248047,245.0,235.0,142.0,136.0,227.795440674,-391.258361816,1807.49975586,547.69744873,-741.002441406,1837.49975586,-112.195800781,-99.7295837402,1777.49975586
1553.507,197.370834351,177.773239136,243.0,235.0,142.0,136.0,239.471282959,-370.209289551,1827.36816406,540.593139648,-749.014709473,1857.36816406,-113.449890137,-100.844329834,1797.36816406
1553.538,197.569915771,179.442687988,243.0,235.0,144.0,136.0,241.495056152,-382.090698242,1833.04663086,542.245910645,-751.304626465,1863.04663086,-101.162963867,-101.16293335,1803.04663086
1553.569,198.28012085,180.479064941,243.0,235.0,142.0,136.0,248.509246826,-392.621734619,1851.29150391,547.556152344,-758.66217041,1881.29150391,-114.95993042,-102.186592102,1821.29150391
1553.632,198.497802734,178.367111206,243.0,235.0,142.0,134.0,262.627868652,-398.174041748,1945.40600586,574.948486328,-796.61541748,1975.40600586,-120.900444031,-94.0336761475,1915.40600586
1553.663,197.117721558,182.466674805,243.0,235.0,142.0,134.0,246.981140137,-415.652862549,1897.5267334,561.013061523,-777.307312012,1927.5267334,-117.878311157,-91.6831130981,1867.5267334
1553.725,196.993988037,179.719512939,241.0,235.0,142.0,132.0,247.347167969,-399.293273926,1906.69519043,550.098937988,-781.004638672,1936.69519043,-118.457015991,-78.9713592529,1876.69519043
1553.757,196.753112793,178.744003296,241.0,235.0,142.0,132.0,246.369049072,-393.781707764,1911.60192871,551.492675781,-782.983337402,1941.60192871,-118.766731262,-79.1778259277,1881.60192871
1553.788,196.201599121,179.580581665,237.0,235.0,142.0,132.0,243.828460693,-401.29284668,1920.71191406,526.718322754,-786.657165527,1950.71191406,-119.341751099,-79.5611801147,1890.71191406
1553.819,195.735748291,179.744796753,239.0,235.0,140.0,130.0,241.211135864,-403.268615723,1924.86303711,541.549194336,-788.331176758,1954.86303711,-132.893066406,-66.4465637207,1894.86303711
1553.882,193.864440918,180.546081543,237.0,235.0,140.0,130.0,229.063537598,-409.541595459,1928.93493652,528.938659668,-789.973205566,1958.93493652,-133.178634644,-66.5893554688,1898.93493652
1553.913,191.604522705,179.163406372,237.0,235.0,140.0,130.0,215.434539795,-403.291625977,1943.8894043,532.9765625,-796.00378418,1973.8894043,-134.22744751,-67.1137542725,1913.8894043
1553.944,191.595031738,179.474121094,235.0,235.0,138.0,130.0,215.220825195,-405.129089355,1942.54431152,518.779174805,-795.461425781,1972.54431152,-147.546417236,-67.0665893555,1912.54431152
1553.976,191.245361328,178.555725098,235.0,235.0,138.0,130.0,212.663314819,-398.544067383,1940.94177246,518.357727051,-794.815185547,1970.94177246,-147.422790527,-67.0103912354,1910.94177246
1554.069,187.244720459,176.828765869,233.0,235.0,134.0,130.0,191.589904785,-399.630371094,2005.37561035,521.028991699,-820.799194336,2035.37561035,-180.101623535,-69.2698745728,1975.37561035
1554.132,186.71546936,177.265106201,233.0,235.0,132.0,130.0,187.48223877,-401.871704102,2001.25683594,519.97467041,-819.138183594,2031.25683594,-193.55116272,-69.1254425049,1971.25683594
1554.194,185.260253906,177.002578735,233.0,235.0,130.0,130.0,174.86706543,-394.606872559,1974.12963867,513.030395508,-808.198669434,2004.12963867,-204.52243042,-68.1741790771,1944.12963867
1554.226,169.812667847,189.191894531,233.0,235.0,126.0,130.0,67.9365615845,-479.039978027,1974.3404541,513.084411621,-808.283691406,2004.3404541,-231.817214966,-68.1815719604,1944.3404541
1554.272,169.315139771,188.333709717,233.0,235.0,126.0,130.0,64.5406112671,-473.45501709,1975.82836914,513.465270996,-808.883789062,2005.82836914,-231.994613647,-68.2337417603,1945.82836914
1554.288,168.205123901,187.983642578,235.0,235.0,126.0,130.0,57.0774917603,-472.915893555,1983.74121094,529.613952637,-812.074768066,2013.74121094,-232.938034058,-68.5112228394,1953.74121094
1554.351,168.049285889,187.064331055,235.0,235.0,126.0,130.0,55.9503936768,-466.162597656,1982.21789551,529.213317871,-811.460449219,2012.21789551,-232.756408691,-68.4578094482,1952.21789551
1554.413,166.986663818,183.643218994,237.0,235.0,124.0,130.0,48.7920684814,-444.458465576,1991.51977539,545.837402344,-815.211608887,2021.51977539,-247.622299194,-68.7839889526,1961.51977539
1554.444,165.648605347,182.148803711,237.0,235.0,122.0,130.0,39.4610176086,-434.169891357,1992.19787598,546.020446777,-815.485046387,2022.19787598,-261.469451904,-68.8077697754,1962.19787598
1554.507,158.002700806,183.176605225,235.0,235.0,120.0,128.0,-14.2552337646,-450.907470703,2035.33837891,543.184020996,-832.882141113,2065.33837891,-281.28213501,-56.2564697266,2005.33837891
1554.538,157.552597046,183.23260498,235.0,235.0,120.0,130.0,-17.4568862915,-451.026641846,2034.07336426,542.851257324,-832.372009277,2064.07324219,-281.104705811,-70.2762069702,2004.07336426
1554.569,157.007965088,183.037063599,233.0,235.0,118.0,128.0,-21.3896980286,-450.64541626,2038.65881348,529.54901123,-834.221130371,2068.65869141,-295.835266113,-56.3496246338,2008.65881348
1554.632,156.598800659,182.563415527,231.0,235.0,118.0,128.0,-24.394985199,-448.734680176,2045.38305664,516.715087891,-836.932800293,2075.38305664,-296.825622559,-56.5382575989,2015.38305664
1554.663,155.879425049,182.140914917,229.0,235.0,118.0,124.0,-29.5861587524,-446.177886963,2047.5567627,502.685577393,-837.809387207,2077.55664062,-297.145751953,-28.2995700836,2017.5567627
1554.694,158.623565674,189.003967285,223.0,235.0,118.0,126.0,-9.820104599,-492.305664062,2034.54016113,456.098144531,-832.560180664,2064.54003906,-295.228668213,-42.1754837036,2004.54016113
1554.741,158.753875732,189.120452881,219.0,235.0,114.0,124.0,-8.89554405212,-493.420623779,2035.71142578,427.381896973,-833.032592773,2065.71142578,-323.534667969,-28.1334209442,2005.71142578
1554.788,159.140274048,190.256973267,217.0,235.0,118.0,124.0,-6.14419746399,-502.103027344,2038.0222168,413.35635376,-833.964477539,2068.0222168,-295.741516113,-28.1658325195,2008.0222168
1554.835,159.255447388,191.017868042,215.0,235.0,118.0,122.0,-5.32028579712,-507.463439941,2037.71105957,398.792541504,-833.838928223,2067.7109375,-295.695678711,-14.0807332993,2007.71105957
1554.866,159.053207397,191.539367676,215.0,235.0,118.0,124.0,-6.77383041382,-511.832366943,2040.27270508,399.286621094,-834.872009277,2070.27270508,-296.072937012,-28.1973972321,2010.27270508
1554.913,158.761123657,191.216064453,211.0,235.0,120.0,124.0,-8.87626457214,-510.248077393,2043.19091797,370.769500732,-836.048828125,2073.19091797,-282.383575439,-28.2383308411,2013.19091797
1554.944,158.559280396,191.043151855,211.0,235.0,120.0,124.0,-10.3540935516,-510.571380615,2049.46142578,371.890930176,-838.577514648,2079.46142578,-283.263122559,-28.3262844086,2019.46142578
1554.976,157.939788818,190.021835327,209.0,235.0,120.0,122.0,-14.9024467468,-506.501495361,2062.77929688,359.595275879,-843.948120117,2092.77929688,-285.131195068,-14.2565460205,2032.77929688
1555.022,157.548461914,189.592819214,211.0,235.0,120.0,122.0,-17.8203487396,-505.873962402,2072.92431641,376.087036133,-848.039367676,2102.92431641,-286.554199219,-14.3276958466,2042.92431641
1555.069,157.947250366,189.19342041,207.0,235.0,120.0,122.0,-15.0761356354,-508.182647705,2094.40454102,350.130279541,-856.701599121,2124.40454102,-289.567169189,-14.4783430099,2064.40454102
1555.101,158.274459839,188.875457764,207.0,235.0,120.0,122.0,-12.7577457428,-509.227966309,2108.40136719,352.437133789,-862.346069336,2138.40136719,-291.530456543,-14.5765066147,2078.40136719
1555.132,158.315429688,188.319000244,205.0,235.0,120.0,122.0,-12.5477905273,-508.883972168,2124.13818359,339.923034668,-868.692199707,2154.13818359,-293.737792969,-14.6868753433,2094.13818359
1555.179,157.686920166,186.80871582,203.0,235.0,122.0,122.0,-17.4983921051,-505.407287598,2157.31713867,329.818206787,-882.07208252,2187.31713867,-283.472137451,-14.9195709229,2127.31713867
1555.226,157.46887207,185.08380127,203.0,235.0,122.0,120.0,-19.3612709045,-497.843261719,2181.34960938,333.441986084,-891.763671875,2211.34960938,-286.674530029,0.0,2151.34960938
1555.288,158.723861694,185.081924438,201.0,235.0,124.0,120.0,-9.92081832886,-505.950134277,2216.93432617,323.049285889,-906.113769531,2246.93432617,-276.078613281,0.0,2186.93432617
1555.319,158.560806274,184.077667236,201.0,235.0,122.0,120.0,-11.2769966125,-502.089080811,2234.49633789,325.57421875,-913.195922852,2264.49633789,-293.756530762,0.0,2204.49633789
1555.351,159.099990845,183.710006714,201.0,235.0,124.0,118.0,-7.11302375793,-503.518920898,2253.79101562,328.348297119,-920.976806641,2283.79101562,-280.731414795,15.5961732864,2223.79101562
1555.382,159.699417114,182.522094727,201.0,235.0,124.0,118.0,-2.40063858032,-499.341278076,2277.55834961,331.765411377,-930.561401367,2307.55834961,-283.731811523,15.7628612518,2247.55834961
1555.413,159.610839844,181.011901855,199.0,235.0,126.0,118.0,-3.14274787903,-492.709838867,2302.93798828,319.052581787,-940.796203613,2332.93798828,-270.994812012,15.9408559799,2272.93798828
1555.444,159.972824097,179.398330688,199.0,235.0,126.0,118.0,-0.221420288086,-483.915740967,2323.27734375,321.83416748,-948.998291016,2353.27734375,-273.419799805,16.0835037231,2293.27734375
1555.476,160.183288574,179.318237305,199.0,235.0,126.0,116.0,1.50094604492,-485.747192383,2335.21875,323.467315674,-953.813903809,2365.21875,-274.843505859,32.334564209,2305.21875
1555.522,160.12322998,178.328521729,199.0,235.0,126.0,116.0,1.01641845703,-481.110076904,2352.17163086,325.785797119,-960.65045166,2382.17163086,-276.864776611,32.572353363,2322.17163086
1555.538,159.563156128,177.107406616,199.0,235.0,126.0,116.0,-3.63163566589,-474.754577637,2370.73095703,328.323944092,-968.13482666,2400.73095703,-279.077514648,32.8326797485,2340.73095703
